コード,都道府県,都道府県（カナ）,市区町村,市区町村（カナ）
010006,北海道,ホッカイドウ,,
011002,北海道,ホッカイドウ,札幌市,サッポロシ
012025,北海道,ホッカイドウ,函館市,ハコダテシ
012033,北海道,ホッカイドウ,小樽市,オタルシ
012041,北海道,ホッカイドウ,旭川市,アサヒカワシ
012050,北海道,ホッカイドウ,室蘭市,ムロランシ
012068,北海道,ホッカイドウ,釧路市,クシロシ
012076,北海道,ホッカイドウ,帯広市,オビヒロシ
012084,北海道,ホッカイドウ,北見市,キタミシ
012092,北海道,ホッカイドウ,夕張市,ユウバリシ
012106,北海道,ホッカイドウ,岩見沢市,イワミザワシ
012114,北海道,ホッカイドウ,網走市,アバシリシ
012122,北海道,ホッカイドウ,留萌市,ルモイシ
012131,北海道,ホッカイドウ,苫小牧市,トマコマイシ
012149,北海道,ホッカイドウ,稚内市,ワッカナイシ
012157,北海道,ホッカイドウ,美唄市,ビバイシ
012165,北海道,ホッカイドウ,芦別市,アシベツシ
012173,北海道,ホッカイドウ,江別市,エベツシ
012181,北海道,ホッカイドウ,赤平市,アカビラシ
012190,北海道,ホッカイドウ,紋別市,モンベツシ
012203,北海道,ホッカイドウ,士別市,シベツシ
012211,北海道,ホッカイドウ,名寄市,ナヨロシ
012220,北海道,ホッカイドウ,三笠市,ミカサシ
012238,北海道,ホッカイドウ,根室市,ネムロシ
012246,北海道,ホッカイドウ,千歳市,チトセシ
012254,北海道,ホッカイドウ,滝川市,タキカワシ
012262,北海道,ホッカイドウ,砂川市,スナガワシ
012271,北海道,ホッカイドウ,歌志内市,ウタシナイシ
012289,北海道,ホッカイドウ,深川市,フカガワシ
012297,北海道,ホッカイドウ,富良野市,フラノシ
012301,北海道,ホッカイドウ,登別市,ノボリベツシ
012319,北海道,ホッカイドウ,恵庭市,エニワシ
012335,北海道,ホッカイドウ,伊達市,ダテシ
012343,北海道,ホッカイドウ,北広島市,キタヒロシマシ
012351,北海道,ホッカイドウ,石狩市,イシカリシ
012360,北海道,ホッカイドウ,北斗市,ホクトシ
013030,北海道,ホッカイドウ,当別町,トウベツチョウ
013048,北海道,ホッカイドウ,新篠津村,シンシノツムラ
013315,北海道,ホッカイドウ,松前町,マツマエチョウ
013323,北海道,ホッカイドウ,福島町,フクシマチョウ
013331,北海道,ホッカイドウ,知内町,シリウチチョウ
013340,北海道,ホッカイドウ,木古内町,キコナイチョウ
013374,北海道,ホッカイドウ,七飯町,ナナエチョウ
013439,北海道,ホッカイドウ,鹿部町,シカベチョウ
013455,北海道,ホッカイドウ,森町,モリマチ
013463,北海道,ホッカイドウ,八雲町,ヤクモチョウ
013471,北海道,ホッカイドウ,長万部町,オシャマンベチョウ
013617,北海道,ホッカイドウ,江差町,エサシチョウ
013625,北海道,ホッカイドウ,上ノ国町,カミノクニチョウ
013633,北海道,ホッカイドウ,厚沢部町,アッサブチョウ
013641,北海道,ホッカイドウ,乙部町,オトベチョウ
013676,北海道,ホッカイドウ,奥尻町,オクシリチョウ
013706,北海道,ホッカイドウ,今金町,イマカネチョウ
013714,北海道,ホッカイドウ,せたな町,セタナチョウ
013919,北海道,ホッカイドウ,島牧村,シママキムラ
013927,北海道,ホッカイドウ,寿都町,スッツチョウ
013935,北海道,ホッカイドウ,黒松内町,クロマツナイチョウ
013943,北海道,ホッカイドウ,蘭越町,ランコシチョウ
013951,北海道,ホッカイドウ,ニセコ町,ニセコチョウ
013960,北海道,ホッカイドウ,真狩村,マッカリムラ
013978,北海道,ホッカイドウ,留寿都村,ルスツムラ
013986,北海道,ホッカイドウ,喜茂別町,キモベツチョウ
013994,北海道,ホッカイドウ,京極町,キョウゴクチョウ
014001,北海道,ホッカイドウ,倶知安町,クッチャンチョウ
014010,北海道,ホッカイドウ,共和町,キョウワチョウ
014028,北海道,ホッカイドウ,岩内町,イワナイチョウ
014036,北海道,ホッカイドウ,泊村,トマリムラ
014044,北海道,ホッカイドウ,神恵内村,カモエナイムラ
014052,北海道,ホッカイドウ,積丹町,シャコタンチョウ
014061,北海道,ホッカイドウ,古平町,フルビラチョウ
014079,北海道,ホッカイドウ,仁木町,ニキチョウ
014087,北海道,ホッカイドウ,余市町,ヨイチチョウ
014095,北海道,ホッカイドウ,赤井川村,アカイガワムラ
014231,北海道,ホッカイドウ,南幌町,ナンポロチョウ
014249,北海道,ホッカイドウ,奈井江町,ナイエチョウ
014257,北海道,ホッカイドウ,上砂川町,カミスナガワチョウ
014273,北海道,ホッカイドウ,由仁町,ユニチョウ
014281,北海道,ホッカイドウ,長沼町,ナガヌマチョウ
014290,北海道,ホッカイドウ,栗山町,クリヤマチョウ
014303,北海道,ホッカイドウ,月形町,ツキガタチョウ
014311,北海道,ホッカイドウ,浦臼町,ウラウスチョウ
014320,北海道,ホッカイドウ,新十津川町,シントツカワチョウ
014338,北海道,ホッカイドウ,妹背牛町,モセウシチョウ
014346,北海道,ホッカイドウ,秩父別町,チップベツチョウ
014362,北海道,ホッカイドウ,雨竜町,ウリュウチョウ
014371,北海道,ホッカイドウ,北竜町,ホクリュウチョウ
014389,北海道,ホッカイドウ,沼田町,ヌマタチョウ
014524,北海道,ホッカイドウ,鷹栖町,タカスチョウ
014532,北海道,ホッカイドウ,東神楽町,ヒガシカグラチョウ
014541,北海道,ホッカイドウ,当麻町,トウマチョウ
014559,北海道,ホッカイドウ,比布町,ピップチョウ
014567,北海道,ホッカイドウ,愛別町,アイベツチョウ
014575,北海道,ホッカイドウ,上川町,カミカワチョウ
014583,北海道,ホッカイドウ,東川町,ヒガシカワチョウ
014591,北海道,ホッカイドウ,美瑛町,ビエイチョウ
014605,北海道,ホッカイドウ,上富良野町,カミフラノチョウ
014613,北海道,ホッカイドウ,中富良野町,ナカフラノチョウ
014621,北海道,ホッカイドウ,南富良野町,ミナミフラノチョウ
014630,北海道,ホッカイドウ,占冠村,シムカップムラ
014648,北海道,ホッカイドウ,和寒町,ワッサムチョウ
014656,北海道,ホッカイドウ,剣淵町,ケンブチチョウ
014681,北海道,ホッカイドウ,下川町,シモカワチョウ
014699,北海道,ホッカイドウ,美深町,ビフカチョウ
014702,北海道,ホッカイドウ,音威子府村,オトイネップムラ
014711,北海道,ホッカイドウ,中川町,ナカガワチョウ
014729,北海道,ホッカイドウ,幌加内町,ホロカナイチョウ
014818,北海道,ホッカイドウ,増毛町,マシケチョウ
014826,北海道,ホッカイドウ,小平町,オビラチョウ
014834,北海道,ホッカイドウ,苫前町,トママエチョウ
014842,北海道,ホッカイドウ,羽幌町,ハボロチョウ
014851,北海道,ホッカイドウ,初山別村,ショサンベツムラ
014869,北海道,ホッカイドウ,遠別町,エンベツチョウ
014877,北海道,ホッカイドウ,天塩町,テシオチョウ
015113,北海道,ホッカイドウ,猿払村,サルフツムラ
015121,北海道,ホッカイドウ,浜頓別町,ハマトンベツチョウ
015130,北海道,ホッカイドウ,中頓別町,ナカトンベツチョウ
015148,北海道,ホッカイドウ,枝幸町,エサシチョウ
015164,北海道,ホッカイドウ,豊富町,トヨトミチョウ
015172,北海道,ホッカイドウ,礼文町,レブンチョウ
015181,北海道,ホッカイドウ,利尻町,リシリチョウ
015199,北海道,ホッカイドウ,利尻富士町,リシリフジチョウ
015202,北海道,ホッカイドウ,幌延町,ホロノベチョウ
015431,北海道,ホッカイドウ,美幌町,ビホロチョウ
015440,北海道,ホッカイドウ,津別町,ツベツチョウ
015458,北海道,ホッカイドウ,斜里町,シャリチョウ
015466,北海道,ホッカイドウ,清里町,キヨサトチョウ
015474,北海道,ホッカイドウ,小清水町,コシミズチョウ
015491,北海道,ホッカイドウ,訓子府町,クンネップチョウ
015504,北海道,ホッカイドウ,置戸町,オケトチョウ
015521,北海道,ホッカイドウ,佐呂間町,サロマチョウ
015555,北海道,ホッカイドウ,遠軽町,エンガルチョウ
015598,北海道,ホッカイドウ,湧別町,ユウベツチョウ
015601,北海道,ホッカイドウ,滝上町,タキノウエチョウ
015610,北海道,ホッカイドウ,興部町,オコッペチョウ
015628,北海道,ホッカイドウ,西興部村,ニシオコッペムラ
015636,北海道,ホッカイドウ,雄武町,オウムチョウ
015644,北海道,ホッカイドウ,大空町,オオゾラチョウ
015717,北海道,ホッカイドウ,豊浦町,トヨウラチョウ
015750,北海道,ホッカイドウ,壮瞥町,ソウベツチョウ
015784,北海道,ホッカイドウ,白老町,シラオイチョウ
015814,北海道,ホッカイドウ,厚真町,アツマチョウ
015849,北海道,ホッカイドウ,洞爺湖町,トウヤコチョウ
015857,北海道,ホッカイドウ,安平町,アビラチョウ
015865,北海道,ホッカイドウ,むかわ町,ムカワチョウ
016012,北海道,ホッカイドウ,日高町,ヒダカチョウ
016021,北海道,ホッカイドウ,平取町,ビラトリチョウ
016047,北海道,ホッカイドウ,新冠町,ニイカップチョウ
016071,北海道,ホッカイドウ,浦河町,ウラカワチョウ
016080,北海道,ホッカイドウ,様似町,サマニチョウ
016098,北海道,ホッカイドウ,えりも町,エリモチョウ
016101,北海道,ホッカイドウ,新ひだか町,シンヒダカチョウ
016314,北海道,ホッカイドウ,音更町,オトフケチョウ
016322,北海道,ホッカイドウ,士幌町,シホロチョウ
016331,北海道,ホッカイドウ,上士幌町,カミシホロチョウ
016349,北海道,ホッカイドウ,鹿追町,シカオイチョウ
016357,北海道,ホッカイドウ,新得町,シントクチョウ
016365,北海道,ホッカイドウ,清水町,シミズチョウ
016373,北海道,ホッカイドウ,芽室町,メムロチョウ
016381,北海道,ホッカイドウ,中札内村,ナカサツナイムラ
016390,北海道,ホッカイドウ,更別村,サラベツムラ
016411,北海道,ホッカイドウ,大樹町,タイキチョウ
016420,北海道,ホッカイドウ,広尾町,ヒロオチョウ
016438,北海道,ホッカイドウ,幕別町,マクベツチョウ
016446,北海道,ホッカイドウ,池田町,イケダチョウ
016454,北海道,ホッカイドウ,豊頃町,トヨコロチョウ
016462,北海道,ホッカイドウ,本別町,ホンベツチョウ
016471,北海道,ホッカイドウ,足寄町,アショロチョウ
016489,北海道,ホッカイドウ,陸別町,リクベツチョウ
016497,北海道,ホッカイドウ,浦幌町,ウラホロチョウ
016616,北海道,ホッカイドウ,釧路町,クシロチョウ
016624,北海道,ホッカイドウ,厚岸町,アッケシチョウ
016632,北海道,ホッカイドウ,浜中町,ハマナカチョウ
016641,北海道,ホッカイドウ,標茶町,シベチャチョウ
016659,北海道,ホッカイドウ,弟子屈町,テシカガチョウ
016675,北海道,ホッカイドウ,鶴居村,ツルイムラ
016683,北海道,ホッカイドウ,白糠町,シラヌカチョウ
016918,北海道,ホッカイドウ,別海町,ベツカイチョウ
016926,北海道,ホッカイドウ,中標津町,ナカシベツチョウ
016934,北海道,ホッカイドウ,標津町,シベツチョウ
016942,北海道,ホッカイドウ,羅臼町,ラウスチョウ
020001,青森県,アオモリケン,,
022012,青森県,アオモリケン,青森市,アオモリシ
022021,青森県,アオモリケン,弘前市,ヒロサキシ
022039,青森県,アオモリケン,八戸市,ハチノヘシ
022047,青森県,アオモリケン,黒石市,クロイシシ
022055,青森県,アオモリケン,五所川原市,ゴショガワラシ
022063,青森県,アオモリケン,十和田市,トワダシ
022071,青森県,アオモリケン,三沢市,ミサワシ
022080,青森県,アオモリケン,むつ市,ムツシ
022098,青森県,アオモリケン,つがる市,ツガルシ
022101,青森県,アオモリケン,平川市,ヒラカワシ
023019,青森県,アオモリケン,平内町,ヒラナイマチ
023035,青森県,アオモリケン,今別町,イマベツマチ
023043,青森県,アオモリケン,蓬田村,ヨモギタムラ
023078,青森県,アオモリケン,外ヶ浜町,ソトガハママチ
023213,青森県,アオモリケン,鰺ヶ沢町,アジガサワマチ
023230,青森県,アオモリケン,深浦町,フカウラマチ
023434,青森県,アオモリケン,西目屋村,ニシメヤムラ
023612,青森県,アオモリケン,藤崎町,フジサキマチ
023621,青森県,アオモリケン,大鰐町,オオワニマチ
023671,青森県,アオモリケン,田舎館村,イナカダテムラ
023817,青森県,アオモリケン,板柳町,イタヤナギマチ
023841,青森県,アオモリケン,鶴田町,ツルタマチ
023876,青森県,アオモリケン,中泊町,ナカドマリマチ
024015,青森県,アオモリケン,野辺地町,ノヘジマチ
024023,青森県,アオモリケン,七戸町,シチノヘマチ
024058,青森県,アオモリケン,六戸町,ロクノヘマチ
024066,青森県,アオモリケン,横浜町,ヨコハママチ
024082,青森県,アオモリケン,東北町,トウホクマチ
024112,青森県,アオモリケン,六ヶ所村,ロッカショムラ
024121,青森県,アオモリケン,おいらせ町,オイラセチョウ
024236,青森県,アオモリケン,大間町,オオママチ
024244,青森県,アオモリケン,東通村,ヒガシドオリムラ
024252,青森県,アオモリケン,風間浦村,カザマウラムラ
024261,青森県,アオモリケン,佐井村,サイムラ
024414,青森県,アオモリケン,三戸町,サンノヘマチ
024422,青森県,アオモリケン,五戸町,ゴノヘマチ
024431,青森県,アオモリケン,田子町,タッコマチ
024457,青森県,アオモリケン,南部町,ナンブチョウ
024465,青森県,アオモリケン,階上町,ハシカミチョウ
024503,青森県,アオモリケン,新郷村,シンゴウムラ
030007,岩手県,イワテケン,,
032018,岩手県,イワテケン,盛岡市,モリオカシ
032026,岩手県,イワテケン,宮古市,ミヤコシ
032034,岩手県,イワテケン,大船渡市,オオフナトシ
032051,岩手県,イワテケン,花巻市,ハナマキシ
032069,岩手県,イワテケン,北上市,キタカミシ
032077,岩手県,イワテケン,久慈市,クジシ
032085,岩手県,イワテケン,遠野市,トオノシ
032093,岩手県,イワテケン,一関市,イチノセキシ
032107,岩手県,イワテケン,陸前高田市,リクゼンタカタシ
032115,岩手県,イワテケン,釜石市,カマイシシ
032131,岩手県,イワテケン,二戸市,ニノヘシ
032140,岩手県,イワテケン,八幡平市,ハチマンタイシ
032158,岩手県,イワテケン,奥州市,オウシュウシ
032166,岩手県,イワテケン,滝沢市,タキザワシ
033014,岩手県,イワテケン,雫石町,シズクイシチョウ
033022,岩手県,イワテケン,葛巻町,クズマキマチ
033031,岩手県,イワテケン,岩手町,イワテマチ
033219,岩手県,イワテケン,紫波町,シワチョウ
033227,岩手県,イワテケン,矢巾町,ヤハバチョウ
033669,岩手県,イワテケン,西和賀町,ニシワガマチ
033812,岩手県,イワテケン,金ケ崎町,カネガサキチョウ
034029,岩手県,イワテケン,平泉町,ヒライズミチョウ
034410,岩手県,イワテケン,住田町,スミタチョウ
034614,岩手県,イワテケン,大槌町,オオツチチョウ
034827,岩手県,イワテケン,山田町,ヤマダマチ
034835,岩手県,イワテケン,岩泉町,イワイズミチョウ
034843,岩手県,イワテケン,田野畑村,タノハタムラ
034851,岩手県,イワテケン,普代村,フダイムラ
035017,岩手県,イワテケン,軽米町,カルマイマチ
035033,岩手県,イワテケン,野田村,ノダムラ
035068,岩手県,イワテケン,九戸村,クノヘムラ
035076,岩手県,イワテケン,洋野町,ヒロノチョウ
035246,岩手県,イワテケン,一戸町,イチノヘマチ
040002,宮城県,ミヤギケン,,
041009,宮城県,ミヤギケン,仙台市,センダイシ
042021,宮城県,ミヤギケン,石巻市,イシノマキシ
042030,宮城県,ミヤギケン,塩竈市,シオガマシ
042056,宮城県,ミヤギケン,気仙沼市,ケセンヌマシ
042064,宮城県,ミヤギケン,白石市,シロイシシ
042072,宮城県,ミヤギケン,名取市,ナトリシ
042081,宮城県,ミヤギケン,角田市,カクダシ
042099,宮城県,ミヤギケン,多賀城市,タガジョウシ
042111,宮城県,ミヤギケン,岩沼市,イワヌマシ
042129,宮城県,ミヤギケン,登米市,トメシ
042137,宮城県,ミヤギケン,栗原市,クリハラシ
042145,宮城県,ミヤギケン,東松島市,ヒガシマツシマシ
042153,宮城県,ミヤギケン,大崎市,オオサキシ
042161,宮城県,ミヤギケン,富谷市,トミヤシ
043010,宮城県,ミヤギケン,蔵王町,ザオウマチ
043028,宮城県,ミヤギケン,七ヶ宿町,シチカシュクマチ
043214,宮城県,ミヤギケン,大河原町,オオガワラマチ
043222,宮城県,ミヤギケン,村田町,ムラタマチ
043231,宮城県,ミヤギケン,柴田町,シバタマチ
043249,宮城県,ミヤギケン,川崎町,カワサキマチ
043419,宮城県,ミヤギケン,丸森町,マルモリマチ
043613,宮城県,ミヤギケン,亘理町,ワタリチョウ
043621,宮城県,ミヤギケン,山元町,ヤマモトチョウ
044016,宮城県,ミヤギケン,松島町,マツシママチ
044041,宮城県,ミヤギケン,七ヶ浜町,シチガハママチ
044067,宮城県,ミヤギケン,利府町,リフチョウ
044211,宮城県,ミヤギケン,大和町,タイワチョウ
044229,宮城県,ミヤギケン,大郷町,オオサトチョウ
044245,宮城県,ミヤギケン,大衡村,オオヒラムラ
044440,宮城県,ミヤギケン,色麻町,シカマチョウ
044458,宮城県,ミヤギケン,加美町,カミマチ
045012,宮城県,ミヤギケン,涌谷町,ワクヤチョウ
045055,宮城県,ミヤギケン,美里町,ミサトマチ
045811,宮城県,ミヤギケン,女川町,オナガワチョウ
046060,宮城県,ミヤギケン,南三陸町,ミナミサンリクチョウ
050008,秋田県,アキタケン,,
052019,秋田県,アキタケン,秋田市,アキタシ
052027,秋田県,アキタケン,能代市,ノシロシ
052035,秋田県,アキタケン,横手市,ヨコテシ
052043,秋田県,アキタケン,大館市,オオダテシ
052060,秋田県,アキタケン,男鹿市,オガシ
052078,秋田県,アキタケン,湯沢市,ユザワシ
052094,秋田県,アキタケン,鹿角市,カヅノシ
052108,秋田県,アキタケン,由利本荘市,ユリホンジョウシ
052116,秋田県,アキタケン,潟上市,カタガミシ
052124,秋田県,アキタケン,大仙市,ダイセンシ
052132,秋田県,アキタケン,北秋田市,キタアキタシ
052141,秋田県,アキタケン,にかほ市,ニカホシ
052159,秋田県,アキタケン,仙北市,センボクシ
053031,秋田県,アキタケン,小坂町,コサカマチ
053279,秋田県,アキタケン,上小阿仁村,カミコアニムラ
053465,秋田県,アキタケン,藤里町,フジサトマチ
053481,秋田県,アキタケン,三種町,ミタネチョウ
053490,秋田県,アキタケン,八峰町,ハッポウチョウ
053619,秋田県,アキタケン,五城目町,ゴジョウメマチ
053635,秋田県,アキタケン,八郎潟町,ハチロウガタマチ
053660,秋田県,アキタケン,井川町,イカワマチ
053686,秋田県,アキタケン,大潟村,オオガタムラ
054348,秋田県,アキタケン,美郷町,ミサトチョウ
054631,秋田県,アキタケン,羽後町,ウゴマチ
054640,秋田県,アキタケン,東成瀬村,ヒガシナルセムラ
060003,山形県,ヤマガタケン,,
062014,山形県,ヤマガタケン,山形市,ヤマガタシ
062022,山形県,ヤマガタケン,米沢市,ヨネザワシ
062031,山形県,ヤマガタケン,鶴岡市,ツルオカシ
062049,山形県,ヤマガタケン,酒田市,サカタシ
062057,山形県,ヤマガタケン,新庄市,シンジョウシ
062065,山形県,ヤマガタケン,寒河江市,サガエシ
062073,山形県,ヤマガタケン,上山市,カミノヤマシ
062081,山形県,ヤマガタケン,村山市,ムラヤマシ
062090,山形県,ヤマガタケン,長井市,ナガイシ
062103,山形県,ヤマガタケン,天童市,テンドウシ
062111,山形県,ヤマガタケン,東根市,ヒガシネシ
062120,山形県,ヤマガタケン,尾花沢市,オバナザワシ
062138,山形県,ヤマガタケン,南陽市,ナンヨウシ
063011,山形県,ヤマガタケン,山辺町,ヤマノベマチ
063029,山形県,ヤマガタケン,中山町,ナカヤママチ
063215,山形県,ヤマガタケン,河北町,カホクチョウ
063223,山形県,ヤマガタケン,西川町,ニシカワマチ
063231,山形県,ヤマガタケン,朝日町,アサヒマチ
063240,山形県,ヤマガタケン,大江町,オオエマチ
063410,山形県,ヤマガタケン,大石田町,オオイシダマチ
063614,山形県,ヤマガタケン,金山町,カネヤママチ
063622,山形県,ヤマガタケン,最上町,モガミマチ
063631,山形県,ヤマガタケン,舟形町,フナガタマチ
063649,山形県,ヤマガタケン,真室川町,マムロガワマチ
063657,山形県,ヤマガタケン,大蔵村,オオクラムラ
063665,山形県,ヤマガタケン,鮭川村,サケガワムラ
063673,山形県,ヤマガタケン,戸沢村,トザワムラ
063819,山形県,ヤマガタケン,高畠町,タカハタマチ
063827,山形県,ヤマガタケン,川西町,カワニシマチ
064017,山形県,ヤマガタケン,小国町,オグニマチ
064025,山形県,ヤマガタケン,白鷹町,シラタカマチ
064033,山形県,ヤマガタケン,飯豊町,イイデマチ
064262,山形県,ヤマガタケン,三川町,ミカワマチ
064289,山形県,ヤマガタケン,庄内町,シヨウナイマチ
064611,山形県,ヤマガタケン,遊佐町,ユザマチ
070009,福島県,フクシマケン,,
072010,福島県,フクシマケン,福島市,フクシマシ
072028,福島県,フクシマケン,会津若松市,アイヅワカマツシ
072036,福島県,フクシマケン,郡山市,コオリヤマシ
072044,福島県,フクシマケン,いわき市,イワキシ
072052,福島県,フクシマケン,白河市,シラカワシ
072079,福島県,フクシマケン,須賀川市,スカガワシ
072087,福島県,フクシマケン,喜多方市,キタカタシ
072095,福島県,フクシマケン,相馬市,ソウマシ
072109,福島県,フクシマケン,二本松市,ニホンマツシ
072117,福島県,フクシマケン,田村市,タムラシ
072125,福島県,フクシマケン,南相馬市,ミナミソウマシ
072133,福島県,フクシマケン,伊達市,ダテシ
072141,福島県,フクシマケン,本宮市,モトミヤシ
073016,福島県,フクシマケン,桑折町,コオリマチ
073032,福島県,フクシマケン,国見町,クニミマチ
073083,福島県,フクシマケン,川俣町,カワマタマチ
073229,福島県,フクシマケン,大玉村,オオタマムラ
073423,福島県,フクシマケン,鏡石町,カガミイシマチ
073440,福島県,フクシマケン,天栄村,テンエイムラ
073628,福島県,フクシマケン,下郷町,シモゴウマチ
073644,福島県,フクシマケン,檜枝岐村,ヒノエマタムラ
073679,福島県,フクシマケン,只見町,タダミマチ
073687,福島県,フクシマケン,南会津町,ミナミアイヅマチ
074021,福島県,フクシマケン,北塩原村,キタシオバラムラ
074055,福島県,フクシマケン,西会津町,ニシアイヅマチ
074071,福島県,フクシマケン,磐梯町,バンダイマチ
074080,福島県,フクシマケン,猪苗代町,イナワシロマチ
074217,福島県,フクシマケン,会津坂下町,アイヅバンゲマチ
074225,福島県,フクシマケン,湯川村,ユガワムラ
074233,福島県,フクシマケン,柳津町,ヤナイヅマチ
074446,福島県,フクシマケン,三島町,ミシママチ
074454,福島県,フクシマケン,金山町,カネヤママチ
074462,福島県,フクシマケン,昭和村,ショウワムラ
074471,福島県,フクシマケン,会津美里町,アイヅミサトマチ
074616,福島県,フクシマケン,西郷村,ニシゴウムラ
074641,福島県,フクシマケン,泉崎村,イズミザキムラ
074659,福島県,フクシマケン,中島村,ナカジマムラ
074667,福島県,フクシマケン,矢吹町,ヤブキマチ
074811,福島県,フクシマケン,棚倉町,タナグラマチ
074829,福島県,フクシマケン,矢祭町,ヤマツリマチ
074837,福島県,フクシマケン,塙町,ハナワマチ
074845,福島県,フクシマケン,鮫川村,サメガワムラ
075019,福島県,フクシマケン,石川町,イシカワマチ
075027,福島県,フクシマケン,玉川村,タマカワムラ
075035,福島県,フクシマケン,平田村,ヒラタムラ
075043,福島県,フクシマケン,浅川町,アサカワマチ
075051,福島県,フクシマケン,古殿町,フルドノマチ
075213,福島県,フクシマケン,三春町,ミハルマチ
075221,福島県,フクシマケン,小野町,オノマチ
075418,福島県,フクシマケン,広野町,ヒロノマチ
075426,福島県,フクシマケン,楢葉町,ナラハマチ
075434,福島県,フクシマケン,富岡町,トミオカマチ
075442,福島県,フクシマケン,川内村,カワウチムラ
075451,福島県,フクシマケン,大熊町,オオクママチ
075469,福島県,フクシマケン,双葉町,フタバマチ
075477,福島県,フクシマケン,浪江町,ナミエマチ
075485,福島県,フクシマケン,葛尾村,カツラオムラ
075612,福島県,フクシマケン,新地町,シンチマチ
075647,福島県,フクシマケン,飯舘村,イイタテムラ
080004,茨城県,イバラキケン,,
082015,茨城県,イバラキケン,水戸市,ミトシ
082023,茨城県,イバラキケン,日立市,ヒタチシ
082031,茨城県,イバラキケン,土浦市,ツチウラシ
082040,茨城県,イバラキケン,古河市,コガシ
082058,茨城県,イバラキケン,石岡市,イシオカシ
082074,茨城県,イバラキケン,結城市,ユウキシ
082082,茨城県,イバラキケン,龍ケ崎市,リュウガサキシ
082104,茨城県,イバラキケン,下妻市,シモツマシ
082112,茨城県,イバラキケン,常総市,ジョウソウシ
082121,茨城県,イバラキケン,常陸太田市,ヒタチオオタシ
082147,茨城県,イバラキケン,高萩市,タカハギシ
082155,茨城県,イバラキケン,北茨城市,キタイバラキシ
082163,茨城県,イバラキケン,笠間市,カサマシ
082171,茨城県,イバラキケン,取手市,トリデシ
082198,茨城県,イバラキケン,牛久市,ウシクシ
082201,茨城県,イバラキケン,つくば市,ツクバシ
082210,茨城県,イバラキケン,ひたちなか市,ヒタチナカシ
082228,茨城県,イバラキケン,鹿嶋市,カシマシ
082236,茨城県,イバラキケン,潮来市,イタコシ
082244,茨城県,イバラキケン,守谷市,モリヤシ
082252,茨城県,イバラキケン,常陸大宮市,ヒタチオオミヤシ
082261,茨城県,イバラキケン,那珂市,ナカシ
082279,茨城県,イバラキケン,筑西市,チクセイシ
082287,茨城県,イバラキケン,坂東市,バンドウシ
082295,茨城県,イバラキケン,稲敷市,イナシキシ
082309,茨城県,イバラキケン,かすみがうら市,カスミガウラシ
082317,茨城県,イバラキケン,桜川市,サクラガワシ
082325,茨城県,イバラキケン,神栖市,カミスシ
082333,茨城県,イバラキケン,行方市,ナメガタシ
082341,茨城県,イバラキケン,鉾田市,ホコタシ
082350,茨城県,イバラキケン,つくばみらい市,ツクバミライシ
082368,茨城県,イバラキケン,小美玉市,オミタマシ
083020,茨城県,イバラキケン,茨城町,イバラキマチ
083097,茨城県,イバラキケン,大洗町,オオアライマチ
083101,茨城県,イバラキケン,城里町,シロサトマチ
083411,茨城県,イバラキケン,東海村,トウカイムラ
083640,茨城県,イバラキケン,大子町,ダイゴマチ
084425,茨城県,イバラキケン,美浦村,ミホムラ
084433,茨城県,イバラキケン,阿見町,アミマチ
084476,茨城県,イバラキケン,河内町,カワチマチ
085219,茨城県,イバラキケン,八千代町,ヤチヨマチ
085421,茨城県,イバラキケン,五霞町,ゴカマチ
085464,茨城県,イバラキケン,境町,サカイマチ
085642,茨城県,イバラキケン,利根町,トネマチ
090000,栃木県,トチギケン,,
092011,栃木県,トチギケン,宇都宮市,ウツノミヤシ
092029,栃木県,トチギケン,足利市,アシカガシ
092037,栃木県,トチギケン,栃木市,トチギシ
092045,栃木県,トチギケン,佐野市,サノシ
092053,栃木県,トチギケン,鹿沼市,カヌマシ
092061,栃木県,トチギケン,日光市,ニッコウシ
092088,栃木県,トチギケン,小山市,オヤマシ
092096,栃木県,トチギケン,真岡市,モオカシ
092100,栃木県,トチギケン,大田原市,オオタワラシ
092118,栃木県,トチギケン,矢板市,ヤイタシ
092134,栃木県,トチギケン,那須塩原市,ナスシオバラシ
092142,栃木県,トチギケン,さくら市,サクラシ
092151,栃木県,トチギケン,那須烏山市,ナスカラスヤマシ
092169,栃木県,トチギケン,下野市,シモツケシ
093017,栃木県,トチギケン,上三川町,カミノカワマチ
093424,栃木県,トチギケン,益子町,マシコマチ
093432,栃木県,トチギケン,茂木町,モテギマチ
093441,栃木県,トチギケン,市貝町,イチカイマチ
093459,栃木県,トチギケン,芳賀町,ハガマチ
093611,栃木県,トチギケン,壬生町,ミブマチ
093645,栃木県,トチギケン,野木町,ノギマチ
093840,栃木県,トチギケン,塩谷町,シオヤマチ
093866,栃木県,トチギケン,高根沢町,タカネザワマチ
094072,栃木県,トチギケン,那須町,ナスマチ
094111,栃木県,トチギケン,那珂川町,ナカガワマチ
100005,群馬県,グンマケン,,
102016,群馬県,グンマケン,前橋市,マエバシシ
102024,群馬県,グンマケン,高崎市,タカサキシ
102032,群馬県,グンマケン,桐生市,キリュウシ
102041,群馬県,グンマケン,伊勢崎市,イセサキシ
102059,群馬県,グンマケン,太田市,オオタシ
102067,群馬県,グンマケン,沼田市,ヌマタシ
102075,群馬県,グンマケン,館林市,タテバヤシシ
102083,群馬県,グンマケン,渋川市,シブカワシ
102091,群馬県,グンマケン,藤岡市,フジオカシ
102105,群馬県,グンマケン,富岡市,トミオカシ
102113,群馬県,グンマケン,安中市,アンナカシ
102121,群馬県,グンマケン,みどり市,ミドリシ
103446,群馬県,グンマケン,榛東村,シントウムラ
103454,群馬県,グンマケン,吉岡町,ヨシオカマチ
103667,群馬県,グンマケン,上野村,ウエノムラ
103675,群馬県,グンマケン,神流町,カンナマチ
103829,群馬県,グンマケン,下仁田町,シモニタマチ
103837,群馬県,グンマケン,南牧村,ナンモクムラ
103845,群馬県,グンマケン,甘楽町,カンラマチ
104213,群馬県,グンマケン,中之条町,ナカノジヨウマチ
104248,群馬県,グンマケン,長野原町,ナガノハラマチ
104256,群馬県,グンマケン,嬬恋村,ツマゴイムラ
104264,群馬県,グンマケン,草津町,クサツマチ
104281,群馬県,グンマケン,高山村,タカヤマムラ
104299,群馬県,グンマケン,東吾妻町,ヒガシアガツママチ
104434,群馬県,グンマケン,片品村,カタシナムラ
104442,群馬県,グンマケン,川場村,カワバムラ
104485,群馬県,グンマケン,昭和村,ショウワムラ
104493,群馬県,グンマケン,みなかみ町,ミナカミマチ
104647,群馬県,グンマケン,玉村町,タマムラマチ
105210,群馬県,グンマケン,板倉町,イタクラマチ
105228,群馬県,グンマケン,明和町,メイワマチ
105236,群馬県,グンマケン,千代田町,チヨダマチ
105244,群馬県,グンマケン,大泉町,オオイズミマチ
105252,群馬県,グンマケン,邑楽町,オウラマチ
110001,埼玉県,サイタマケン,,
111007,埼玉県,サイタマケン,さいたま市,サイタマシ
112011,埼玉県,サイタマケン,川越市,カワゴエシ
112020,埼玉県,サイタマケン,熊谷市,クマガヤシ
112038,埼玉県,サイタマケン,川口市,カワグチシ
112062,埼玉県,サイタマケン,行田市,ギヨウダシ
112071,埼玉県,サイタマケン,秩父市,チチブシ
112089,埼玉県,サイタマケン,所沢市,トコロザワシ
112097,埼玉県,サイタマケン,飯能市,ハンノウシ
112101,埼玉県,サイタマケン,加須市,カゾシ
112119,埼玉県,サイタマケン,本庄市,ホンジヨウシ
112127,埼玉県,サイタマケン,東松山市,ヒガシマツヤマシ
112143,埼玉県,サイタマケン,春日部市,カスカベシ
112151,埼玉県,サイタマケン,狭山市,サヤマシ
112160,埼玉県,サイタマケン,羽生市,ハニユウシ
112178,埼玉県,サイタマケン,鴻巣市,コウノスシ
112186,埼玉県,サイタマケン,深谷市,フカヤシ
112194,埼玉県,サイタマケン,上尾市,アゲオシ
112216,埼玉県,サイタマケン,草加市,ソウカシ
112224,埼玉県,サイタマケン,越谷市,コシガヤシ
112232,埼玉県,サイタマケン,蕨市,ワラビシ
112241,埼玉県,サイタマケン,戸田市,トダシ
112259,埼玉県,サイタマケン,入間市,イルマシ
112275,埼玉県,サイタマケン,朝霞市,アサカシ
112283,埼玉県,サイタマケン,志木市,シキシ
112291,埼玉県,サイタマケン,和光市,ワコウシ
112305,埼玉県,サイタマケン,新座市,ニイザシ
112313,埼玉県,サイタマケン,桶川市,オケガワシ
112321,埼玉県,サイタマケン,久喜市,クキシ
112330,埼玉県,サイタマケン,北本市,キタモトシ
112348,埼玉県,サイタマケン,八潮市,ヤシオシ
112356,埼玉県,サイタマケン,富士見市,フジミシ
112372,埼玉県,サイタマケン,三郷市,ミサトシ
112381,埼玉県,サイタマケン,蓮田市,ハスダシ
112399,埼玉県,サイタマケン,坂戸市,サカドシ
112402,埼玉県,サイタマケン,幸手市,サッテシ
112411,埼玉県,サイタマケン,鶴ヶ島市,ツルガシマシ
112429,埼玉県,サイタマケン,日高市,ヒダカシ
112437,埼玉県,サイタマケン,吉川市,ヨシカワシ
112453,埼玉県,サイタマケン,ふじみ野市,フジミノシ
112461,埼玉県,サイタマケン,白岡市,シラオカシ
113018,埼玉県,サイタマケン,伊奈町,イナマチ
113247,埼玉県,サイタマケン,三芳町,ミヨシマチ
113263,埼玉県,サイタマケン,毛呂山町,モロヤママチ
113271,埼玉県,サイタマケン,越生町,オゴセマチ
113417,埼玉県,サイタマケン,滑川町,ナメガワマチ
113425,埼玉県,サイタマケン,嵐山町,ランザンマチ
113433,埼玉県,サイタマケン,小川町,オガワマチ
113468,埼玉県,サイタマケン,川島町,カワジママチ
113476,埼玉県,サイタマケン,吉見町,ヨシミマチ
113484,埼玉県,サイタマケン,鳩山町,ハトヤママチ
113492,埼玉県,サイタマケン,ときがわ町,トキガワマチ
113611,埼玉県,サイタマケン,横瀬町,ヨコゼマチ
113620,埼玉県,サイタマケン,皆野町,ミナノマチ
113638,埼玉県,サイタマケン,長瀞町,ナガトロマチ
113654,埼玉県,サイタマケン,小鹿野町,オガノマチ
113697,埼玉県,サイタマケン,東秩父村,ヒガシチチブムラ
113816,埼玉県,サイタマケン,美里町,ミサトマチ
113832,埼玉県,サイタマケン,神川町,カミカワマチ
113859,埼玉県,サイタマケン,上里町,カミサトマチ
114081,埼玉県,サイタマケン,寄居町,ヨリイマチ
114421,埼玉県,サイタマケン,宮代町,ミヤシロマチ
114642,埼玉県,サイタマケン,杉戸町,スギトマチ
114651,埼玉県,サイタマケン,松伏町,マツブシマチ
120006,千葉県,チバケン,,
121002,千葉県,チバケン,千葉市,チバシ
122025,千葉県,チバケン,銚子市,チョウシシ
122033,千葉県,チバケン,市川市,イチカワシ
122041,千葉県,チバケン,船橋市,フナバシシ
122050,千葉県,チバケン,館山市,タテヤマシ
122068,千葉県,チバケン,木更津市,キサラヅシ
122076,千葉県,チバケン,松戸市,マツドシ
122084,千葉県,チバケン,野田市,ノダシ
122106,千葉県,チバケン,茂原市,モバラシ
122114,千葉県,チバケン,成田市,ナリタシ
122122,千葉県,チバケン,佐倉市,サクラシ
122131,千葉県,チバケン,東金市,トウガネシ
122157,千葉県,チバケン,旭市,アサヒシ
122165,千葉県,チバケン,習志野市,ナラシノシ
122173,千葉県,チバケン,柏市,カシワシ
122181,千葉県,チバケン,勝浦市,カツウラシ
122190,千葉県,チバケン,市原市,イチハラシ
122203,千葉県,チバケン,流山市,ナガレヤマシ
122211,千葉県,チバケン,八千代市,ヤチヨシ
122220,千葉県,チバケン,我孫子市,アビコシ
122238,千葉県,チバケン,鴨川市,カモガワシ
122246,千葉県,チバケン,鎌ケ谷市,カマガヤシ
122254,千葉県,チバケン,君津市,キミツシ
122262,千葉県,チバケン,富津市,フッツシ
122271,千葉県,チバケン,浦安市,ウラヤスシ
122289,千葉県,チバケン,四街道市,ヨツカイドウシ
122297,千葉県,チバケン,袖ケ浦市,ソデガウラシ
122301,千葉県,チバケン,八街市,ヤチマタシ
122319,千葉県,チバケン,印西市,インザイシ
122327,千葉県,チバケン,白井市,シロイシ
122335,千葉県,チバケン,富里市,トミサトシ
122343,千葉県,チバケン,南房総市,ミナミボウソウシ
122351,千葉県,チバケン,匝瑳市,ソウサシ
122360,千葉県,チバケン,香取市,カトリシ
122378,千葉県,チバケン,山武市,サンムシ
122386,千葉県,チバケン,いすみ市,イスミシ
122394,千葉県,チバケン,大網白里市,オオアミシラサトシ
123226,千葉県,チバケン,酒々井町,シスイマチ
123293,千葉県,チバケン,栄町,サカエマチ
123421,千葉県,チバケン,神崎町,コウザキマチ
123471,千葉県,チバケン,多古町,タコマチ
123498,千葉県,チバケン,東庄町,トウノショウマチ
124036,千葉県,チバケン,九十九里町,クジユウクリマチ
124095,千葉県,チバケン,芝山町,シバヤママチ
124109,千葉県,チバケン,横芝光町,ヨコシバヒカリマチ
124214,千葉県,チバケン,一宮町,イチノミヤマチ
124222,千葉県,チバケン,睦沢町,ムツザワマチ
124231,千葉県,チバケン,長生村,チョウセイムラ
124249,千葉県,チバケン,白子町,シラコマチ
124265,千葉県,チバケン,長柄町,ナガラマチ
124273,千葉県,チバケン,長南町,チョウナンマチ
124419,千葉県,チバケン,大多喜町,オオタキマチ
124435,千葉県,チバケン,御宿町,オンジユクマチ
124630,千葉県,チバケン,鋸南町,キヨナンマチ
130001,東京都,トウキョウト,,
131016,東京都,トウキョウト,千代田区,チヨダク
131024,東京都,トウキョウト,中央区,チュウオウク
131032,東京都,トウキョウト,港区,ミナトク
131041,東京都,トウキョウト,新宿区,シンジュクク
131059,東京都,トウキョウト,文京区,ブンキョウク
131067,東京都,トウキョウト,台東区,タイトウク
131075,東京都,トウキョウト,墨田区,スミダク
131083,東京都,トウキョウト,江東区,コウトウク
131091,東京都,トウキョウト,品川区,シナガワク
131105,東京都,トウキョウト,目黒区,メグロク
131113,東京都,トウキョウト,大田区,オオタク
131121,東京都,トウキョウト,世田谷区,セタガヤク
131130,東京都,トウキョウト,渋谷区,シブヤク
131148,東京都,トウキョウト,中野区,ナカノク
131156,東京都,トウキョウト,杉並区,スギナミク
131164,東京都,トウキョウト,豊島区,トシマク
131172,東京都,トウキョウト,北区,キタク
131181,東京都,トウキョウト,荒川区,アラカワク
131199,東京都,トウキョウト,板橋区,イタバシク
131202,東京都,トウキョウト,練馬区,ネリマク
131211,東京都,トウキョウト,足立区,アダチク
131229,東京都,トウキョウト,葛飾区,カツシカク
131237,東京都,トウキョウト,江戸川区,エドガワク
132012,東京都,トウキョウト,八王子市,ハチオウジシ
132021,東京都,トウキョウト,立川市,タチカワシ
132039,東京都,トウキョウト,武蔵野市,ムサシノシ
132047,東京都,トウキョウト,三鷹市,ミタカシ
132055,東京都,トウキョウト,青梅市,オウメシ
132063,東京都,トウキョウト,府中市,フチュウシ
132071,東京都,トウキョウト,昭島市,アキシマシ
132080,東京都,トウキョウト,調布市,チョウフシ
132098,東京都,トウキョウト,町田市,マチダシ
132101,東京都,トウキョウト,小金井市,コガネイシ
132110,東京都,トウキョウト,小平市,コダイラシ
132128,東京都,トウキョウト,日野市,ヒノシ
132136,東京都,トウキョウト,東村山市,ヒガシムラヤマシ
132144,東京都,トウキョウト,国分寺市,コクブンジシ
132152,東京都,トウキョウト,国立市,クニタチシ
132187,東京都,トウキョウト,福生市,フッサシ
132195,東京都,トウキョウト,狛江市,コマエシ
132209,東京都,トウキョウト,東大和市,ヒガシヤマトシ
132217,東京都,トウキョウト,清瀬市,キヨセシ
132225,東京都,トウキョウト,東久留米市,ヒガシクルメシ
132233,東京都,トウキョウト,武蔵村山市,ムサシムラヤマシ
132241,東京都,トウキョウト,多摩市,タマシ
132250,東京都,トウキョウト,稲城市,イナギシ
132276,東京都,トウキョウト,羽村市,ハムラシ
132284,東京都,トウキョウト,あきる野市,アキルノシ
132292,東京都,トウキョウト,西東京市,ニシトウキョウシ
133035,東京都,トウキョウト,瑞穂町,ミズホマチ
133051,東京都,トウキョウト,日の出町,ヒノデマチ
133078,東京都,トウキョウト,檜原村,ヒノハラムラ
133086,東京都,トウキョウト,奥多摩町,オクタママチ
133612,東京都,トウキョウト,大島町,オオシママチ
133621,東京都,トウキョウト,利島村,トシマムラ
133639,東京都,トウキョウト,新島村,ニイジマムラ
133647,東京都,トウキョウト,神津島村,コウヅシマムラ
133817,東京都,トウキョウト,三宅村,ミヤケムラ
133825,東京都,トウキョウト,御蔵島村,ミクラジマムラ
134015,東京都,トウキョウト,八丈町,ハチジョウマチ
134023,東京都,トウキョウト,青ヶ島村,アオガシマムラ
134210,東京都,トウキョウト,小笠原村,オガサワラムラ
140007,神奈川県,カナガワケン,,
141003,神奈川県,カナガワケン,横浜市,ヨコハマシ
141305,神奈川県,カナガワケン,川崎市,カワサキシ
141500,神奈川県,カナガワケン,相模原市,サガミハラシ
142018,神奈川県,カナガワケン,横須賀市,ヨコスカシ
142034,神奈川県,カナガワケン,平塚市,ヒラツカシ
142042,神奈川県,カナガワケン,鎌倉市,カマクラシ
142051,神奈川県,カナガワケン,藤沢市,フジサワシ
142069,神奈川県,カナガワケン,小田原市,オダワラシ
142077,神奈川県,カナガワケン,茅ヶ崎市,チガサキシ
142085,神奈川県,カナガワケン,逗子市,ズシシ
142107,神奈川県,カナガワケン,三浦市,ミウラシ
142115,神奈川県,カナガワケン,秦野市,ハダノシ
142123,神奈川県,カナガワケン,厚木市,アツギシ
142131,神奈川県,カナガワケン,大和市,ヤマトシ
142140,神奈川県,カナガワケン,伊勢原市,イセハラシ
142158,神奈川県,カナガワケン,海老名市,エビナシ
142166,神奈川県,カナガワケン,座間市,ザマシ
142174,神奈川県,カナガワケン,南足柄市,ミナミアシガラシ
142182,神奈川県,カナガワケン,綾瀬市,アヤセシ
143014,神奈川県,カナガワケン,葉山町,ハヤママチ
143219,神奈川県,カナガワケン,寒川町,サムカワマチ
143413,神奈川県,カナガワケン,大磯町,オオイソマチ
143421,神奈川県,カナガワケン,二宮町,ニノミヤマチ
143618,神奈川県,カナガワケン,中井町,ナカイマチ
143626,神奈川県,カナガワケン,大井町,オオイマチ
143634,神奈川県,カナガワケン,松田町,マツダマチ
143642,神奈川県,カナガワケン,山北町,ヤマキタマチ
143669,神奈川県,カナガワケン,開成町,カイセイマチ
143821,神奈川県,カナガワケン,箱根町,ハコネマチ
143839,神奈川県,カナガワケン,真鶴町,マナツルマチ
143847,神奈川県,カナガワケン,湯河原町,ユガワラマチ
144011,神奈川県,カナガワケン,愛川町,アイカワマチ
144029,神奈川県,カナガワケン,清川村,キヨカワムラ
150002,新潟県,ニイガタケン,,
151009,新潟県,ニイガタケン,新潟市,ニイガタシ
152021,新潟県,ニイガタケン,長岡市,ナガオカシ
152048,新潟県,ニイガタケン,三条市,サンジョウシ
152056,新潟県,ニイガタケン,柏崎市,カシワザキシ
152064,新潟県,ニイガタケン,新発田市,シバタシ
152081,新潟県,ニイガタケン,小千谷市,オヂヤシ
152099,新潟県,ニイガタケン,加茂市,カモシ
152102,新潟県,ニイガタケン,十日町市,トオカマチシ
152111,新潟県,ニイガタケン,見附市,ミツケシ
152129,新潟県,ニイガタケン,村上市,ムラカミシ
152137,新潟県,ニイガタケン,燕市,ツバメシ
152161,新潟県,ニイガタケン,糸魚川市,イトイガワシ
152170,新潟県,ニイガタケン,妙高市,ミョウコウシ
152188,新潟県,ニイガタケン,五泉市,ゴセンシ
152226,新潟県,ニイガタケン,上越市,ジョウエツシ
152234,新潟県,ニイガタケン,阿賀野市,アガノシ
152242,新潟県,ニイガタケン,佐渡市,サドシ
152251,新潟県,ニイガタケン,魚沼市,ウオヌマシ
152269,新潟県,ニイガタケン,南魚沼市,ミナミウオヌマシ
152277,新潟県,ニイガタケン,胎内市,タイナイシ
153079,新潟県,ニイガタケン,聖籠町,セイロウマチ
153427,新潟県,ニイガタケン,弥彦村,ヤヒコムラ
153613,新潟県,ニイガタケン,田上町,タガミマチ
153851,新潟県,ニイガタケン,阿賀町,アガマチ
154059,新潟県,ニイガタケン,出雲崎町,イズモザキマチ
154610,新潟県,ニイガタケン,湯沢町,ユザワマチ
154822,新潟県,ニイガタケン,津南町,ツナンマチ
155047,新潟県,ニイガタケン,刈羽村,カリワムラ
155811,新潟県,ニイガタケン,関川村,セキカワムラ
155861,新潟県,ニイガタケン,粟島浦村,アワシマウラムラ
160008,富山県,トヤマケン,,
162019,富山県,トヤマケン,富山市,トヤマシ
162027,富山県,トヤマケン,高岡市,タカオカシ
162043,富山県,トヤマケン,魚津市,ウオヅシ
162051,富山県,トヤマケン,氷見市,ヒミシ
162060,富山県,トヤマケン,滑川市,ナメリカワシ
162078,富山県,トヤマケン,黒部市,クロベシ
162086,富山県,トヤマケン,砺波市,トナミシ
162094,富山県,トヤマケン,小矢部市,オヤベシ
162108,富山県,トヤマケン,南砺市,ナントシ
162116,富山県,トヤマケン,射水市,イミズシ
163210,富山県,トヤマケン,舟橋村,フナハシムラ
163228,富山県,トヤマケン,上市町,カミイチマチ
163236,富山県,トヤマケン,立山町,タテヤママチ
163422,富山県,トヤマケン,入善町,ニュウゼンマチ
163431,富山県,トヤマケン,朝日町,アサヒマチ
170003,石川県,イシカワケン,,
172014,石川県,イシカワケン,金沢市,カナザワシ
172022,石川県,イシカワケン,七尾市,ナナオシ
172031,石川県,イシカワケン,小松市,コマツシ
172049,石川県,イシカワケン,輪島市,ワジマシ
172057,石川県,イシカワケン,珠洲市,スズシ
172065,石川県,イシカワケン,加賀市,カガシ
172073,石川県,イシカワケン,羽咋市,ハクイシ
172090,石川県,イシカワケン,かほく市,カホクシ
172103,石川県,イシカワケン,白山市,ハクサンシ
172111,石川県,イシカワケン,能美市,ノミシ
172120,石川県,イシカワケン,野々市市,ノノイチシ
173240,石川県,イシカワケン,川北町,カワキタマチ
173614,石川県,イシカワケン,津幡町,ツバタマチ
173657,石川県,イシカワケン,内灘町,ウチナダマチ
173843,石川県,イシカワケン,志賀町,シカマチ
173860,石川県,イシカワケン,宝達志水町,ホウダツシミズチョウ
174076,石川県,イシカワケン,中能登町,ナカノトマチ
174611,石川県,イシカワケン,穴水町,アナミズマチ
174637,石川県,イシカワケン,能登町,ノトチョウ
180009,福井県,フクイケン,,
182010,福井県,フクイケン,福井市,フクイシ
182028,福井県,フクイケン,敦賀市,ツルガシ
182044,福井県,フクイケン,小浜市,オバマシ
182052,福井県,フクイケン,大野市,オオノシ
182061,福井県,フクイケン,勝山市,カツヤマシ
182079,福井県,フクイケン,鯖江市,サバエシ
182087,福井県,フクイケン,あわら市,アワラシ
182095,福井県,フクイケン,越前市,エチゼンシ
182109,福井県,フクイケン,坂井市,サカイシ
183229,福井県,フクイケン,永平寺町,エイヘイジチョウ
183822,福井県,フクイケン,池田町,イケダチョウ
184047,福井県,フクイケン,南越前町,ミナミエチゼンチョウ
184233,福井県,フクイケン,越前町,エチゼンチョウ
184420,福井県,フクイケン,美浜町,ミハマチョウ
184811,福井県,フクイケン,高浜町,タカハマチョウ
184837,福井県,フクイケン,おおい町,オオイチョウ
185019,福井県,フクイケン,若狭町,ワカサチョウ
190004,山梨県,ヤマナシケン,,
192015,山梨県,ヤマナシケン,甲府市,コウフシ
192023,山梨県,ヤマナシケン,富士吉田市,フジヨシダシ
192040,山梨県,ヤマナシケン,都留市,ツルシ
192058,山梨県,ヤマナシケン,山梨市,ヤマナシシ
192066,山梨県,ヤマナシケン,大月市,オオツキシ
192074,山梨県,ヤマナシケン,韮崎市,ニラサキシ
192082,山梨県,ヤマナシケン,南アルプス市,ミナミアルプスシ
192091,山梨県,ヤマナシケン,北杜市,ホクトシ
192104,山梨県,ヤマナシケン,甲斐市,カイシ
192112,山梨県,ヤマナシケン,笛吹市,フエフキシ
192121,山梨県,ヤマナシケン,上野原市,ウエノハラシ
192139,山梨県,ヤマナシケン,甲州市,コウシュウシ
192147,山梨県,ヤマナシケン,中央市,チュウオウシ
193461,山梨県,ヤマナシケン,市川三郷町,イチカワミサトチョウ
193640,山梨県,ヤマナシケン,早川町,ハヤカワチョウ
193658,山梨県,ヤマナシケン,身延町,ミノブチョウ
193666,山梨県,ヤマナシケン,南部町,ナンブチョウ
193682,山梨県,ヤマナシケン,富士川町,フジカワチョウ
193844,山梨県,ヤマナシケン,昭和町,ショウワチョウ
194221,山梨県,ヤマナシケン,道志村,ドウシムラ
194239,山梨県,ヤマナシケン,西桂町,ニシカツラチョウ
194247,山梨県,ヤマナシケン,忍野村,オシノムラ
194255,山梨県,ヤマナシケン,山中湖村,ヤマナカコムラ
194298,山梨県,ヤマナシケン,鳴沢村,ナルサワムラ
194301,山梨県,ヤマナシケン,富士河口湖町,フジカワグチコマチ
194425,山梨県,ヤマナシケン,小菅村,コスゲムラ
194433,山梨県,ヤマナシケン,丹波山村,タバヤマムラ
200000,長野県,ナガノケン,,
202011,長野県,ナガノケン,長野市,ナガノシ
202029,長野県,ナガノケン,松本市,マツモトシ
202037,長野県,ナガノケン,上田市,ウエダシ
202045,長野県,ナガノケン,岡谷市,オカヤシ
202053,長野県,ナガノケン,飯田市,イイダシ
202061,長野県,ナガノケン,諏訪市,スワシ
202070,長野県,ナガノケン,須坂市,スザカシ
202088,長野県,ナガノケン,小諸市,コモロシ
202096,長野県,ナガノケン,伊那市,イナシ
202100,長野県,ナガノケン,駒ヶ根市,コマガネシ
202118,長野県,ナガノケン,中野市,ナカノシ
202126,長野県,ナガノケン,大町市,オオマチシ
202134,長野県,ナガノケン,飯山市,イイヤマシ
202142,長野県,ナガノケン,茅野市,チノシ
202151,長野県,ナガノケン,塩尻市,シオジリシ
202177,長野県,ナガノケン,佐久市,サクシ
202185,長野県,ナガノケン,千曲市,チクマシ
202193,長野県,ナガノケン,東御市,トウミシ
202207,長野県,ナガノケン,安曇野市,アヅミノシ
203033,長野県,ナガノケン,小海町,コウミマチ
203041,長野県,ナガノケン,川上村,カワカミムラ
203050,長野県,ナガノケン,南牧村,ミナミマキムラ
203068,長野県,ナガノケン,南相木村,ミナミアイキムラ
203076,長野県,ナガノケン,北相木村,キタアイキムラ
203092,長野県,ナガノケン,佐久穂町,サクホマチ
203211,長野県,ナガノケン,軽井沢町,カルイザワマチ
203238,長野県,ナガノケン,御代田町,ミヨタマチ
203246,長野県,ナガノケン,立科町,タテシナマチ
203491,長野県,ナガノケン,青木村,アオキムラ
203505,長野県,ナガノケン,長和町,ナガワマチ
203611,長野県,ナガノケン,下諏訪町,シモスワマチ
203629,長野県,ナガノケン,富士見町,フジミマチ
203637,長野県,ナガノケン,原村,ハラムラ
203823,長野県,ナガノケン,辰野町,タツノマチ
203831,長野県,ナガノケン,箕輪町,ミノワマチ
203840,長野県,ナガノケン,飯島町,イイジママチ
203858,長野県,ナガノケン,南箕輪村,ミナミミノワムラ
203866,長野県,ナガノケン,中川村,ナカガワムラ
203882,長野県,ナガノケン,宮田村,ミヤダムラ
204021,長野県,ナガノケン,松川町,マツカワマチ
204030,長野県,ナガノケン,高森町,タカモリマチ
204048,長野県,ナガノケン,阿南町,アナンチョウ
204072,長野県,ナガノケン,阿智村,アチムラ
204099,長野県,ナガノケン,平谷村,ヒラヤムラ
204102,長野県,ナガノケン,根羽村,ネバムラ
204111,長野県,ナガノケン,下條村,シモジョウムラ
204129,長野県,ナガノケン,売木村,ウルギムラ
204137,長野県,ナガノケン,天龍村,テンリュウムラ
204145,長野県,ナガノケン,泰阜村,ヤスオカムラ
204153,長野県,ナガノケン,喬木村,タカギムラ
204161,長野県,ナガノケン,豊丘村,トヨオカムラ
204170,長野県,ナガノケン,大鹿村,オオシカムラ
204226,長野県,ナガノケン,上松町,アゲマツマチ
204234,長野県,ナガノケン,南木曽町,ナギソマチ
204251,長野県,ナガノケン,木祖村,キソムラ
204293,長野県,ナガノケン,王滝村,オウタキムラ
204307,長野県,ナガノケン,大桑村,オオクワムラ
204323,長野県,ナガノケン,木曽町,キソマチ
204463,長野県,ナガノケン,麻績村,オミムラ
204480,長野県,ナガノケン,生坂村,イクサカムラ
204501,長野県,ナガノケン,山形村,ヤマガタムラ
204510,長野県,ナガノケン,朝日村,アサヒムラ
204528,長野県,ナガノケン,筑北村,チクホクムラ
204811,長野県,ナガノケン,池田町,イケダマチ
204820,長野県,ナガノケン,松川村,マツカワムラ
204854,長野県,ナガノケン,白馬村,ハクバムラ
204862,長野県,ナガノケン,小谷村,オタリムラ
205214,長野県,ナガノケン,坂城町,サカキマチ
205419,長野県,ナガノケン,小布施町,オブセマチ
205435,長野県,ナガノケン,高山村,タカヤマムラ
205613,長野県,ナガノケン,山ノ内町,ヤマノウチマチ
205621,長野県,ナガノケン,木島平村,キジマダイラムラ
205630,長野県,ナガノケン,野沢温泉村,ノザワオンセンムラ
205834,長野県,ナガノケン,信濃町,シナノマチ
205885,長野県,ナガノケン,小川村,オガワムラ
205907,長野県,ナガノケン,飯綱町,イイヅナマチ
206024,長野県,ナガノケン,栄村,サカエムラ
210005,岐阜県,ギフケン,,
212016,岐阜県,ギフケン,岐阜市,ギフシ
212024,岐阜県,ギフケン,大垣市,オオガキシ
212032,岐阜県,ギフケン,高山市,タカヤマシ
212041,岐阜県,ギフケン,多治見市,タジミシ
212059,岐阜県,ギフケン,関市,セキシ
212067,岐阜県,ギフケン,中津川市,ナカツガワシ
212075,岐阜県,ギフケン,美濃市,ミノシ
212083,岐阜県,ギフケン,瑞浪市,ミズナミシ
212091,岐阜県,ギフケン,羽島市,ハシマシ
212105,岐阜県,ギフケン,恵那市,エナシ
212113,岐阜県,ギフケン,美濃加茂市,ミノカモシ
212121,岐阜県,ギフケン,土岐市,トキシ
212130,岐阜県,ギフケン,各務原市,カカミガハラシ
212148,岐阜県,ギフケン,可児市,カニシ
212156,岐阜県,ギフケン,山県市,ヤマガタシ
212164,岐阜県,ギフケン,瑞穂市,ミズホシ
212172,岐阜県,ギフケン,飛騨市,ヒダシ
212181,岐阜県,ギフケン,本巣市,モトスシ
212199,岐阜県,ギフケン,郡上市,グジョウシ
212202,岐阜県,ギフケン,下呂市,ゲロシ
212211,岐阜県,ギフケン,海津市,カイヅシ
213021,岐阜県,ギフケン,岐南町,ギナンチョウ
213039,岐阜県,ギフケン,笠松町,カサマツチョウ
213411,岐阜県,ギフケン,養老町,ヨウロウチョウ
213616,岐阜県,ギフケン,垂井町,タルイチョウ
213624,岐阜県,ギフケン,関ケ原町,セキガハラチョウ
213811,岐阜県,ギフケン,神戸町,ゴウドチョウ
213829,岐阜県,ギフケン,輪之内町,ワノウチチョウ
213837,岐阜県,ギフケン,安八町,アンパチチョウ
214019,岐阜県,ギフケン,揖斐川町,イビガワチョウ
214035,岐阜県,ギフケン,大野町,オオノチョウ
214043,岐阜県,ギフケン,池田町,イケダチョウ
214213,岐阜県,ギフケン,北方町,キタガタチョウ
215015,岐阜県,ギフケン,坂祝町,サカホギチョウ
215023,岐阜県,ギフケン,富加町,トミカチョウ
215031,岐阜県,ギフケン,川辺町,カワベチョウ
215040,岐阜県,ギフケン,七宗町,ヒチソウチョウ
215058,岐阜県,ギフケン,八百津町,ヤオツチョウ
215066,岐阜県,ギフケン,白川町,シラカワチョウ
215074,岐阜県,ギフケン,東白川村,ヒガシシラカワムラ
215210,岐阜県,ギフケン,御嵩町,ミタケチョウ
216046,岐阜県,ギフケン,白川村,シラカワムラ
220001,静岡県,シズオカケン,,
221007,静岡県,シズオカケン,静岡市,シズオカシ
221309,静岡県,シズオカケン,浜松市,ハママツシ
222038,静岡県,シズオカケン,沼津市,ヌマヅシ
222054,静岡県,シズオカケン,熱海市,アタミシ
222062,静岡県,シズオカケン,三島市,ミシマシ
222071,静岡県,シズオカケン,富士宮市,フジノミヤシ
222089,静岡県,シズオカケン,伊東市,イトウシ
222097,静岡県,シズオカケン,島田市,シマダシ
222101,静岡県,シズオカケン,富士市,フジシ
222119,静岡県,シズオカケン,磐田市,イワタシ
222127,静岡県,シズオカケン,焼津市,ヤイヅシ
222135,静岡県,シズオカケン,掛川市,カケガワシ
222143,静岡県,シズオカケン,藤枝市,フジエダシ
222151,静岡県,シズオカケン,御殿場市,ゴテンバシ
222160,静岡県,シズオカケン,袋井市,フクロイシ
222194,静岡県,シズオカケン,下田市,シモダシ
222208,静岡県,シズオカケン,裾野市,スソノシ
222216,静岡県,シズオカケン,湖西市,コサイシ
222224,静岡県,シズオカケン,伊豆市,イズシ
222232,静岡県,シズオカケン,御前崎市,オマエザキシ
222241,静岡県,シズオカケン,菊川市,キクガワシ
222259,静岡県,シズオカケン,伊豆の国市,イズノクニシ
222267,静岡県,シズオカケン,牧之原市,マキノハラシ
223018,静岡県,シズオカケン,東伊豆町,ヒガシイズチョウ
223026,静岡県,シズオカケン,河津町,カワヅチョウ
223042,静岡県,シズオカケン,南伊豆町,ミナミイズチョウ
223051,静岡県,シズオカケン,松崎町,マツザキチョウ
223069,静岡県,シズオカケン,西伊豆町,ニシイズチョウ
223255,静岡県,シズオカケン,函南町,カンナミチョウ
223417,静岡県,シズオカケン,清水町,シミズチョウ
223425,静岡県,シズオカケン,長泉町,ナガイズミチョウ
223441,静岡県,シズオカケン,小山町,オヤマチョウ
224243,静岡県,シズオカケン,吉田町,ヨシダチョウ
224294,静岡県,シズオカケン,川根本町,カワネホンチョウ
224618,静岡県,シズオカケン,森町,モリマチ
230006,愛知県,アイチケン,,
231002,愛知県,アイチケン,名古屋市,ナゴヤシ
232017,愛知県,アイチケン,豊橋市,トヨハシシ
232025,愛知県,アイチケン,岡崎市,オカザキシ
232033,愛知県,アイチケン,一宮市,イチノミヤシ
232041,愛知県,アイチケン,瀬戸市,セトシ
232050,愛知県,アイチケン,半田市,ハンダシ
232068,愛知県,アイチケン,春日井市,カスガイシ
232076,愛知県,アイチケン,豊川市,トヨカワシ
232084,愛知県,アイチケン,津島市,ツシマシ
232092,愛知県,アイチケン,碧南市,ヘキナンシ
232106,愛知県,アイチケン,刈谷市,カリヤシ
232114,愛知県,アイチケン,豊田市,トヨタシ
232122,愛知県,アイチケン,安城市,アンジョウシ
232131,愛知県,アイチケン,西尾市,ニシオシ
232149,愛知県,アイチケン,蒲郡市,ガマゴオリシ
232157,愛知県,アイチケン,犬山市,イヌヤマシ
232165,愛知県,アイチケン,常滑市,トコナメシ
232173,愛知県,アイチケン,江南市,コウナンシ
232190,愛知県,アイチケン,小牧市,コマキシ
232203,愛知県,アイチケン,稲沢市,イナザワシ
232211,愛知県,アイチケン,新城市,シンシロシ
232220,愛知県,アイチケン,東海市,トウカイシ
232238,愛知県,アイチケン,大府市,オオブシ
232246,愛知県,アイチケン,知多市,チタシ
232254,愛知県,アイチケン,知立市,チリュウシ
232262,愛知県,アイチケン,尾張旭市,オワリアサヒシ
232271,愛知県,アイチケン,高浜市,タカハマシ
232289,愛知県,アイチケン,岩倉市,イワクラシ
232297,愛知県,アイチケン,豊明市,トヨアケシ
232301,愛知県,アイチケン,日進市,ニッシンシ
232319,愛知県,アイチケン,田原市,タハラシ
232327,愛知県,アイチケン,愛西市,アイサイシ
232335,愛知県,アイチケン,清須市,キヨスシ
232343,愛知県,アイチケン,北名古屋市,キタナゴヤシ
232351,愛知県,アイチケン,弥富市,ヤトミシ
232360,愛知県,アイチケン,みよし市,ミヨシシ
232378,愛知県,アイチケン,あま市,アマシ
232386,愛知県,アイチケン,長久手市,ナガクテシ
233021,愛知県,アイチケン,東郷町,トウゴウチョウ
233421,愛知県,アイチケン,豊山町,トヨヤマチョウ
233617,愛知県,アイチケン,大口町,オオグチチョウ
233625,愛知県,アイチケン,扶桑町,フソウチョウ
234249,愛知県,アイチケン,大治町,オオハルチョウ
234257,愛知県,アイチケン,蟹江町,カニエチョウ
234273,愛知県,アイチケン,飛島村,トビシマムラ
234419,愛知県,アイチケン,阿久比町,アグイチョウ
234427,愛知県,アイチケン,東浦町,ヒガシウラチョウ
234451,愛知県,アイチケン,南知多町,ミナミチタチョウ
234460,愛知県,アイチケン,美浜町,ミハマチョウ
234478,愛知県,アイチケン,武豊町,タケトヨチョウ
235016,愛知県,アイチケン,幸田町,コウタチョウ
235610,愛知県,アイチケン,設楽町,シタラチョウ
235628,愛知県,アイチケン,東栄町,トウエイチョウ
235636,愛知県,アイチケン,豊根村,トヨネムラ
240001,三重県,ミエケン,,
242012,三重県,ミエケン,津市,ツシ
242021,三重県,ミエケン,四日市市,ヨッカイチシ
242039,三重県,ミエケン,伊勢市,イセシ
242047,三重県,ミエケン,松阪市,マツサカシ
242055,三重県,ミエケン,桑名市,クワナシ
242071,三重県,ミエケン,鈴鹿市,スズカシ
242080,三重県,ミエケン,名張市,ナバリシ
242098,三重県,ミエケン,尾鷲市,オワセシ
242101,三重県,ミエケン,亀山市,カメヤマシ
242110,三重県,ミエケン,鳥羽市,トバシ
242128,三重県,ミエケン,熊野市,クマノシ
242144,三重県,ミエケン,いなべ市,イナベシ
242152,三重県,ミエケン,志摩市,シマシ
242161,三重県,ミエケン,伊賀市,イガシ
243035,三重県,ミエケン,木曽岬町,キソサキチョウ
243248,三重県,ミエケン,東員町,トウインチョウ
243418,三重県,ミエケン,菰野町,コモノチョウ
243434,三重県,ミエケン,朝日町,アサヒチョウ
243442,三重県,ミエケン,川越町,カワゴエチョウ
244414,三重県,ミエケン,多気町,タキチョウ
244422,三重県,ミエケン,明和町,メイワチョウ
244431,三重県,ミエケン,大台町,オオダイチョウ
244619,三重県,ミエケン,玉城町,タマキチョウ
244708,三重県,ミエケン,度会町,ワタライチョウ
244716,三重県,ミエケン,大紀町,タイキチョウ
244724,三重県,ミエケン,南伊勢町,ミナミイセチョウ
245437,三重県,ミエケン,紀北町,キホクチョウ
245615,三重県,ミエケン,御浜町,ミハマチョウ
245623,三重県,ミエケン,紀宝町,キホウチョウ
250007,滋賀県,シガケン,,
252018,滋賀県,シガケン,大津市,オオツシ
252026,滋賀県,シガケン,彦根市,ヒコネシ
252034,滋賀県,シガケン,長浜市,ナガハマシ
252042,滋賀県,シガケン,近江八幡市,オウミハチマンシ
252069,滋賀県,シガケン,草津市,クサツシ
252077,滋賀県,シガケン,守山市,モリヤマシ
252085,滋賀県,シガケン,栗東市,リットウシ
252093,滋賀県,シガケン,甲賀市,コウカシ
252107,滋賀県,シガケン,野洲市,ヤスシ
252115,滋賀県,シガケン,湖南市,コナンシ
252123,滋賀県,シガケン,高島市,タカシマシ
252131,滋賀県,シガケン,東近江市,ヒガシオウミシ
252140,滋賀県,シガケン,米原市,マイバラシ
253839,滋賀県,シガケン,日野町,ヒノチョウ
253847,滋賀県,シガケン,竜王町,リユウオウチョウ
254258,滋賀県,シガケン,愛荘町,アイショウチョウ
254410,滋賀県,シガケン,豊郷町,トヨサトチョウ
254428,滋賀県,シガケン,甲良町,コウラチョウ
254436,滋賀県,シガケン,多賀町,タガチョウ
260002,京都府,キョウトフ,,
261009,京都府,キョウトフ,京都市,キョウトシ
262013,京都府,キョウトフ,福知山市,フクチヤマシ
262021,京都府,キョウトフ,舞鶴市,マイヅルシ
262030,京都府,キョウトフ,綾部市,アヤベシ
262048,京都府,キョウトフ,宇治市,ウジシ
262056,京都府,キョウトフ,宮津市,ミヤヅシ
262064,京都府,キョウトフ,亀岡市,カメオカシ
262072,京都府,キョウトフ,城陽市,ジョウヨウシ
262081,京都府,キョウトフ,向日市,ムコウシ
262099,京都府,キョウトフ,長岡京市,ナガオカキョウシ
262102,京都府,キョウトフ,八幡市,ヤワタシ
262111,京都府,キョウトフ,京田辺市,キョウタナベシ
262129,京都府,キョウトフ,京丹後市,キョウタンゴシ
262137,京都府,キョウトフ,南丹市,ナンタンシ
262145,京都府,キョウトフ,木津川市,キヅガワシ
263036,京都府,キョウトフ,大山崎町,オオヤマザキチョウ
263222,京都府,キョウトフ,久御山町,クミヤマチョウ
263435,京都府,キョウトフ,井手町,イデチョウ
263443,京都府,キョウトフ,宇治田原町,ウジタワラチョウ
263648,京都府,キョウトフ,笠置町,カサギチョウ
263656,京都府,キョウトフ,和束町,ワヅカチョウ
263664,京都府,キョウトフ,精華町,セイカチョウ
263672,京都府,キョウトフ,南山城村,ミナミヤマシロムラ
264075,京都府,キョウトフ,京丹波町,キョウタンバチョウ
264636,京都府,キョウトフ,伊根町,イネチョウ
264652,京都府,キョウトフ,与謝野町,ヨサノチョウ
270008,大阪府,オオサカフ,,
271004,大阪府,オオサカフ,大阪市,オオサカシ
271403,大阪府,オオサカフ,堺市,サカイシ
272027,大阪府,オオサカフ,岸和田市,キシワダシ
272035,大阪府,オオサカフ,豊中市,トヨナカシ
272043,大阪府,オオサカフ,池田市,イケダシ
272051,大阪府,オオサカフ,吹田市,スイタシ
272060,大阪府,オオサカフ,泉大津市,イズミオオツシ
272078,大阪府,オオサカフ,高槻市,タカツキシ
272086,大阪府,オオサカフ,貝塚市,カイヅカシ
272094,大阪府,オオサカフ,守口市,モリグチシ
272108,大阪府,オオサカフ,枚方市,ヒラカタシ
272116,大阪府,オオサカフ,茨木市,イバラキシ
272124,大阪府,オオサカフ,八尾市,ヤオシ
272132,大阪府,オオサカフ,泉佐野市,イズミサノシ
272141,大阪府,オオサカフ,富田林市,トンダバヤシシ
272159,大阪府,オオサカフ,寝屋川市,ネヤガワシ
272167,大阪府,オオサカフ,河内長野市,カワチナガノシ
272175,大阪府,オオサカフ,松原市,マツバラシ
272183,大阪府,オオサカフ,大東市,ダイトウシ
272191,大阪府,オオサカフ,和泉市,イズミシ
272205,大阪府,オオサカフ,箕面市,ミノオシ
272213,大阪府,オオサカフ,柏原市,カシワラシ
272221,大阪府,オオサカフ,羽曳野市,ハビキノシ
272230,大阪府,オオサカフ,門真市,カドマシ
272248,大阪府,オオサカフ,摂津市,セッツシ
272256,大阪府,オオサカフ,高石市,タカイシシ
272264,大阪府,オオサカフ,藤井寺市,フジイデラシ
272272,大阪府,オオサカフ,東大阪市,ヒガシオオサカシ
272281,大阪府,オオサカフ,泉南市,センナンシ
272299,大阪府,オオサカフ,四條畷市,シジヨウナワテシ
272302,大阪府,オオサカフ,交野市,カタノシ
272311,大阪府,オオサカフ,大阪狭山市,オオサカサヤマシ
272329,大阪府,オオサカフ,阪南市,ハンナンシ
273015,大阪府,オオサカフ,島本町,シマモトチョウ
273210,大阪府,オオサカフ,豊能町,トヨノチョウ
273228,大阪府,オオサカフ,能勢町,ノセチョウ
273414,大阪府,オオサカフ,忠岡町,タダオカチョウ
273619,大阪府,オオサカフ,熊取町,クマトリチョウ
273627,大阪府,オオサカフ,田尻町,タジリチョウ
273660,大阪府,オオサカフ,岬町,ミサキチョウ
273813,大阪府,オオサカフ,太子町,タイシチョウ
273821,大阪府,オオサカフ,河南町,カナンチョウ
273830,大阪府,オオサカフ,千早赤阪村,チハヤアカサカムラ
280003,兵庫県,ヒョウゴケン,,
281000,兵庫県,ヒョウゴケン,神戸市,コウベシ
282014,兵庫県,ヒョウゴケン,姫路市,ヒメジシ
282022,兵庫県,ヒョウゴケン,尼崎市,アマガサキシ
282031,兵庫県,ヒョウゴケン,明石市,アカシシ
282049,兵庫県,ヒョウゴケン,西宮市,ニシノミヤシ
282057,兵庫県,ヒョウゴケン,洲本市,スモトシ
282065,兵庫県,ヒョウゴケン,芦屋市,アシヤシ
282073,兵庫県,ヒョウゴケン,伊丹市,イタミシ
282081,兵庫県,ヒョウゴケン,相生市,アイオイシ
282090,兵庫県,ヒョウゴケン,豊岡市,トヨオカシ
282103,兵庫県,ヒョウゴケン,加古川市,カコガワシ
282120,兵庫県,ヒョウゴケン,赤穂市,アコウシ
282138,兵庫県,ヒョウゴケン,西脇市,ニシワキシ
282146,兵庫県,ヒョウゴケン,宝塚市,タカラヅカシ
282154,兵庫県,ヒョウゴケン,三木市,ミキシ
282162,兵庫県,ヒョウゴケン,高砂市,タカサゴシ
282171,兵庫県,ヒョウゴケン,川西市,カワニシシ
282189,兵庫県,ヒョウゴケン,小野市,オノシ
282197,兵庫県,ヒョウゴケン,三田市,サンダシ
282201,兵庫県,ヒョウゴケン,加西市,カサイシ
282219,兵庫県,ヒョウゴケン,篠山市,ササヤマシ
282227,兵庫県,ヒョウゴケン,養父市,ヤブシ
282235,兵庫県,ヒョウゴケン,丹波市,タンバシ
282243,兵庫県,ヒョウゴケン,南あわじ市,ミナミアワジシ
282251,兵庫県,ヒョウゴケン,朝来市,アサゴシ
282260,兵庫県,ヒョウゴケン,淡路市,アワジシ
282278,兵庫県,ヒョウゴケン,宍粟市,シソウシ
282286,兵庫県,ヒョウゴケン,加東市,カトウシ
282294,兵庫県,ヒョウゴケン,たつの市,タツノシ
283011,兵庫県,ヒョウゴケン,猪名川町,イナガワチョウ
283657,兵庫県,ヒョウゴケン,多可町,タカチョウ
283819,兵庫県,ヒョウゴケン,稲美町,イナミチョウ
283827,兵庫県,ヒョウゴケン,播磨町,ハリマチョウ
284424,兵庫県,ヒョウゴケン,市川町,イチカワチョウ
284432,兵庫県,ヒョウゴケン,福崎町,フクサキチョウ
284467,兵庫県,ヒョウゴケン,神河町,カミカワチョウ
284645,兵庫県,ヒョウゴケン,太子町,タイシチョウ
284815,兵庫県,ヒョウゴケン,上郡町,カミゴオリチョウ
285013,兵庫県,ヒョウゴケン,佐用町,サヨウチョウ
285854,兵庫県,ヒョウゴケン,香美町,カミチョウ
285862,兵庫県,ヒョウゴケン,新温泉町,シンオンセンチョウ
290009,奈良県,ナラケン,,
292010,奈良県,ナラケン,奈良市,ナラシ
292028,奈良県,ナラケン,大和高田市,ヤマトタカダシ
292036,奈良県,ナラケン,大和郡山市,ヤマトコオリヤマシ
292044,奈良県,ナラケン,天理市,テンリシ
292052,奈良県,ナラケン,橿原市,カシハラシ
292061,奈良県,ナラケン,桜井市,サクライシ
292079,奈良県,ナラケン,五條市,ゴジョウシ
292087,奈良県,ナラケン,御所市,ゴセシ
292095,奈良県,ナラケン,生駒市,イコマシ
292109,奈良県,ナラケン,香芝市,カシバシ
292117,奈良県,ナラケン,葛城市,カツラギシ
292125,奈良県,ナラケン,宇陀市,ウダシ
293229,奈良県,ナラケン,山添村,ヤマゾエムラ
293423,奈良県,ナラケン,平群町,ヘグリチョウ
293431,奈良県,ナラケン,三郷町,サンゴウチョウ
293440,奈良県,ナラケン,斑鳩町,イカルガチョウ
293458,奈良県,ナラケン,安堵町,アンドチョウ
293610,奈良県,ナラケン,川西町,カワニシチョウ
293628,奈良県,ナラケン,三宅町,ミヤケチョウ
293636,奈良県,ナラケン,田原本町,タワラモトチョウ
293857,奈良県,ナラケン,曽爾村,ソニムラ
293865,奈良県,ナラケン,御杖村,ミツエムラ
294012,奈良県,ナラケン,高取町,タカトリチョウ
294021,奈良県,ナラケン,明日香村,アスカムラ
294241,奈良県,ナラケン,上牧町,カンマキチョウ
294250,奈良県,ナラケン,王寺町,オウジチョウ
294268,奈良県,ナラケン,広陵町,コウリヨウチョウ
294276,奈良県,ナラケン,河合町,カワイチョウ
294411,奈良県,ナラケン,吉野町,ヨシノチョウ
294420,奈良県,ナラケン,大淀町,オオヨドチョウ
294438,奈良県,ナラケン,下市町,シモイチチョウ
294446,奈良県,ナラケン,黒滝村,クロタキムラ
294462,奈良県,ナラケン,天川村,テンカワムラ
294471,奈良県,ナラケン,野迫川村,ノセガワムラ
294497,奈良県,ナラケン,十津川村,トツカワムラ
294501,奈良県,ナラケン,下北山村,シモキタヤマムラ
294519,奈良県,ナラケン,上北山村,カミキタヤマムラ
294527,奈良県,ナラケン,川上村,カワカミムラ
294535,奈良県,ナラケン,東吉野村,ヒガシヨシノムラ
300004,和歌山県,ワカヤマケン,,
302015,和歌山県,ワカヤマケン,和歌山市,ワカヤマシ
302023,和歌山県,ワカヤマケン,海南市,カイナンシ
302031,和歌山県,ワカヤマケン,橋本市,ハシモトシ
302040,和歌山県,ワカヤマケン,有田市,アリダシ
302058,和歌山県,ワカヤマケン,御坊市,ゴボウシ
302066,和歌山県,ワカヤマケン,田辺市,タナベシ
302074,和歌山県,ワカヤマケン,新宮市,シングウシ
302082,和歌山県,ワカヤマケン,紀の川市,キノカワシ
302091,和歌山県,ワカヤマケン,岩出市,イワデシ
303046,和歌山県,ワカヤマケン,紀美野町,キミノチョウ
303411,和歌山県,ワカヤマケン,かつらぎ町,カツラギチョウ
303437,和歌山県,ワカヤマケン,九度山町,クドヤマチョウ
303445,和歌山県,ワカヤマケン,高野町,コウヤチョウ
303615,和歌山県,ワカヤマケン,湯浅町,ユアサチョウ
303623,和歌山県,ワカヤマケン,広川町,ヒロガワチョウ
303666,和歌山県,ワカヤマケン,有田川町,アリダガワチョウ
303810,和歌山県,ワカヤマケン,美浜町,ミハマチョウ
303828,和歌山県,ワカヤマケン,日高町,ヒダカチョウ
303836,和歌山県,ワカヤマケン,由良町,ユラチョウ
303909,和歌山県,ワカヤマケン,印南町,イナミチョウ
303917,和歌山県,ワカヤマケン,みなべ町,ミナベチョウ
303925,和歌山県,ワカヤマケン,日高川町,ヒダカガワチョウ
304018,和歌山県,ワカヤマケン,白浜町,シラハマチョウ
304042,和歌山県,ワカヤマケン,上富田町,カミトンダチョウ
304069,和歌山県,ワカヤマケン,すさみ町,スサミチョウ
304212,和歌山県,ワカヤマケン,那智勝浦町,ナチカツウラチョウ
304221,和歌山県,ワカヤマケン,太地町,タイジチョウ
304247,和歌山県,ワカヤマケン,古座川町,コザガワチョウ
304271,和歌山県,ワカヤマケン,北山村,キタヤマムラ
304280,和歌山県,ワカヤマケン,串本町,クシモトチョウ
310000,鳥取県,トットリケン,,
312011,鳥取県,トットリケン,鳥取市,トットリシ
312029,鳥取県,トットリケン,米子市,ヨナゴシ
312037,鳥取県,トットリケン,倉吉市,クラヨシシ
312045,鳥取県,トットリケン,境港市,サカイミナトシ
313025,鳥取県,トットリケン,岩美町,イワミチョウ
313254,鳥取県,トットリケン,若桜町,ワカサチョウ
313289,鳥取県,トットリケン,智頭町,チヅチョウ
313297,鳥取県,トットリケン,八頭町,ヤズチョウ
313645,鳥取県,トットリケン,三朝町,ミササチョウ
313700,鳥取県,トットリケン,湯梨浜町,ユリハマチョウ
313718,鳥取県,トットリケン,琴浦町,コトウラチョウ
313726,鳥取県,トットリケン,北栄町,ホクエイチョウ
313840,鳥取県,トットリケン,日吉津村,ヒエヅソン
313866,鳥取県,トットリケン,大山町,ダイセンチョウ
313891,鳥取県,トットリケン,南部町,ナンブチョウ
313904,鳥取県,トットリケン,伯耆町,ホウキチョウ
314013,鳥取県,トットリケン,日南町,ニチナンチョウ
314021,鳥取県,トットリケン,日野町,ヒノチョウ
314030,鳥取県,トットリケン,江府町,コウフチョウ
320005,島根県,シマネケン,,
322016,島根県,シマネケン,松江市,マツエシ
322024,島根県,シマネケン,浜田市,ハマダシ
322032,島根県,シマネケン,出雲市,イズモシ
322041,島根県,シマネケン,益田市,マスダシ
322059,島根県,シマネケン,大田市,オオダシ
322067,島根県,シマネケン,安来市,ヤスギシ
322075,島根県,シマネケン,江津市,ゴウツシ
322091,島根県,シマネケン,雲南市,ウンナンシ
323438,島根県,シマネケン,奥出雲町,オクイズモチョウ
323861,島根県,シマネケン,飯南町,イイナンチョウ
324418,島根県,シマネケン,川本町,カワモトマチ
324485,島根県,シマネケン,美郷町,ミサトチョウ
324493,島根県,シマネケン,邑南町,オオナンチョウ
325015,島根県,シマネケン,津和野町,ツワノチョウ
325058,島根県,シマネケン,吉賀町,ヨシカチョウ
325252,島根県,シマネケン,海士町,アマチョウ
325261,島根県,シマネケン,西ノ島町,ニシノシマチョウ
325279,島根県,シマネケン,知夫村,チブムラ
325287,島根県,シマネケン,隠岐の島町,オキノシマチョウ
330001,岡山県,オカヤマケン,,
331007,岡山県,オカヤマケン,岡山市,オカヤマシ
332020,岡山県,オカヤマケン,倉敷市,クラシキシ
332038,岡山県,オカヤマケン,津山市,ツヤマシ
332046,岡山県,オカヤマケン,玉野市,タマノシ
332054,岡山県,オカヤマケン,笠岡市,カサオカシ
332071,岡山県,オカヤマケン,井原市,イバラシ
332089,岡山県,オカヤマケン,総社市,ソウジヤシ
332097,岡山県,オカヤマケン,高梁市,タカハシシ
332101,岡山県,オカヤマケン,新見市,ニイミシ
332119,岡山県,オカヤマケン,備前市,ビゼンシ
332127,岡山県,オカヤマケン,瀬戸内市,セトウチシ
332135,岡山県,オカヤマケン,赤磐市,アカイワシ
332143,岡山県,オカヤマケン,真庭市,マニワシ
332151,岡山県,オカヤマケン,美作市,ミマサカシ
332160,岡山県,オカヤマケン,浅口市,アサクチシ
333468,岡山県,オカヤマケン,和気町,ワケチョウ
334235,岡山県,オカヤマケン,早島町,ハヤシマチョウ
334456,岡山県,オカヤマケン,里庄町,サトショウチョウ
334618,岡山県,オカヤマケン,矢掛町,ヤカゲチョウ
335860,岡山県,オカヤマケン,新庄村,シンジヨウソン
336068,岡山県,オカヤマケン,鏡野町,カガミノチョウ
336220,岡山県,オカヤマケン,勝央町,ショウオウチョウ
336238,岡山県,オカヤマケン,奈義町,ナギチョウ
336432,岡山県,オカヤマケン,西粟倉村,ニシアワクラソン
336637,岡山県,オカヤマケン,久米南町,クメナンチョウ
336661,岡山県,オカヤマケン,美咲町,ミサキチョウ
336815,岡山県,オカヤマケン,吉備中央町,キビチュウオウチョウ
340006,広島県,ヒロシマケン,,
341002,広島県,ヒロシマケン,広島市,ヒロシマシ
342025,広島県,ヒロシマケン,呉市,クレシ
342033,広島県,ヒロシマケン,竹原市,タケハラシ
342041,広島県,ヒロシマケン,三原市,ミハラシ
342050,広島県,ヒロシマケン,尾道市,オノミチシ
342076,広島県,ヒロシマケン,福山市,フクヤマシ
342084,広島県,ヒロシマケン,府中市,フチュウシ
342092,広島県,ヒロシマケン,三次市,ミヨシシ
342106,広島県,ヒロシマケン,庄原市,ショウバラシ
342114,広島県,ヒロシマケン,大竹市,オオタケシ
342122,広島県,ヒロシマケン,東広島市,ヒガシヒロシマシ
342131,広島県,ヒロシマケン,廿日市市,ハツカイチシ
342149,広島県,ヒロシマケン,安芸高田市,アキタカタシ
342157,広島県,ヒロシマケン,江田島市,エタジマシ
343021,広島県,ヒロシマケン,府中町,フチュウチョウ
343048,広島県,ヒロシマケン,海田町,カイタチョウ
343072,広島県,ヒロシマケン,熊野町,クマノチョウ
343099,広島県,ヒロシマケン,坂町,サカチョウ
343684,広島県,ヒロシマケン,安芸太田町,アキオオタチョウ
343692,広島県,ヒロシマケン,北広島町,キタヒロシマチョウ
344311,広島県,ヒロシマケン,大崎上島町,オオサキカミジマチョウ
344621,広島県,ヒロシマケン,世羅町,セラチョウ
345458,広島県,ヒロシマケン,神石高原町,ジンセキコウゲンチョウ
350001,山口県,ヤマグチケン,,
352012,山口県,ヤマグチケン,下関市,シモノセキシ
352021,山口県,ヤマグチケン,宇部市,ウベシ
352039,山口県,ヤマグチケン,山口市,ヤマグチシ
352047,山口県,ヤマグチケン,萩市,ハギシ
352063,山口県,ヤマグチケン,防府市,ホウフシ
352071,山口県,ヤマグチケン,下松市,クダマツシ
352080,山口県,ヤマグチケン,岩国市,イワクニシ
352101,山口県,ヤマグチケン,光市,ヒカリシ
352110,山口県,ヤマグチケン,長門市,ナガトシ
352128,山口県,ヤマグチケン,柳井市,ヤナイシ
352136,山口県,ヤマグチケン,美祢市,ミネシ
352152,山口県,ヤマグチケン,周南市,シュウナンシ
352161,山口県,ヤマグチケン,山陽小野田市,サンヨウオノダシ
353051,山口県,ヤマグチケン,周防大島町,スオウオオシマチョウ
353213,山口県,ヤマグチケン,和木町,ワキチョウ
353418,山口県,ヤマグチケン,上関町,カミノセキチョウ
353434,山口県,ヤマグチケン,田布施町,タブセチョウ
353442,山口県,ヤマグチケン,平生町,ヒラオチョウ
355020,山口県,ヤマグチケン,阿武町,アブチョウ
360007,徳島県,トクシマケン,,
362018,徳島県,トクシマケン,徳島市,トクシマシ
362026,徳島県,トクシマケン,鳴門市,ナルトシ
362034,徳島県,トクシマケン,小松島市,コマツシマシ
362042,徳島県,トクシマケン,阿南市,アナンシ
362051,徳島県,トクシマケン,吉野川市,ヨシノガワシ
362069,徳島県,トクシマケン,阿波市,アワシ
362077,徳島県,トクシマケン,美馬市,ミマシ
362085,徳島県,トクシマケン,三好市,ミヨシシ
363014,徳島県,トクシマケン,勝浦町,カツウラチョウ
363022,徳島県,トクシマケン,上勝町,カミカツチョウ
363219,徳島県,トクシマケン,佐那河内村,サナゴウチソン
363413,徳島県,トクシマケン,石井町,イシイチョウ
363421,徳島県,トクシマケン,神山町,カミヤマチョウ
363685,徳島県,トクシマケン,那賀町,ナカチョウ
363839,徳島県,トクシマケン,牟岐町,ムギチョウ
363871,徳島県,トクシマケン,美波町,ミナミチョウ
363880,徳島県,トクシマケン,海陽町,カイヨウチョウ
364011,徳島県,トクシマケン,松茂町,マツシゲチョウ
364029,徳島県,トクシマケン,北島町,キタジマチョウ
364037,徳島県,トクシマケン,藍住町,アイズミチョウ
364045,徳島県,トクシマケン,板野町,イタノチョウ
364053,徳島県,トクシマケン,上板町,カミイタチョウ
364681,徳島県,トクシマケン,つるぎ町,ツルギチョウ
364894,徳島県,トクシマケン,東みよし町,ヒガシミヨシチョウ
370002,香川県,カガワケン,,
372013,香川県,カガワケン,高松市,タカマツシ
372021,香川県,カガワケン,丸亀市,マルガメシ
372030,香川県,カガワケン,坂出市,サカイデシ
372048,香川県,カガワケン,善通寺市,ゼンツウジシ
372056,香川県,カガワケン,観音寺市,カンオンジシ
372064,香川県,カガワケン,さぬき市,サヌキシ
372072,香川県,カガワケン,東かがわ市,ヒガシカガワシ
372081,香川県,カガワケン,三豊市,ミトヨシ
373222,香川県,カガワケン,土庄町,トノショウチョウ
373249,香川県,カガワケン,小豆島町,ショウドシマチョウ
373419,香川県,カガワケン,三木町,ミキチョウ
373648,香川県,カガワケン,直島町,ナオシマチョウ
373869,香川県,カガワケン,宇多津町,ウタヅチョウ
373877,香川県,カガワケン,綾川町,アヤガワチョウ
374032,香川県,カガワケン,琴平町,コトヒラチョウ
374041,香川県,カガワケン,多度津町,タドツチョウ
374067,香川県,カガワケン,まんのう町,マンノウチョウ
380008,愛媛県,エヒメケン,,
382019,愛媛県,エヒメケン,松山市,マツヤマシ
382027,愛媛県,エヒメケン,今治市,イマバリシ
382035,愛媛県,エヒメケン,宇和島市,ウワジマシ
382043,愛媛県,エヒメケン,八幡浜市,ヤワタハマシ
382051,愛媛県,エヒメケン,新居浜市,ニイハマシ
382060,愛媛県,エヒメケン,西条市,サイジョウシ
382078,愛媛県,エヒメケン,大洲市,オオズシ
382108,愛媛県,エヒメケン,伊予市,イヨシ
382132,愛媛県,エヒメケン,四国中央市,シコクチュウオウシ
382141,愛媛県,エヒメケン,西予市,セイヨシ
382159,愛媛県,エヒメケン,東温市,トウオンシ
383562,愛媛県,エヒメケン,上島町,カミジマチョウ
383864,愛媛県,エヒメケン,久万高原町,クマコウゲンチョウ
384011,愛媛県,エヒメケン,松前町,マサキチョウ
384020,愛媛県,エヒメケン,砥部町,トベチョウ
384224,愛媛県,エヒメケン,内子町,ウチコチョウ
384429,愛媛県,エヒメケン,伊方町,イカタチョウ
384844,愛媛県,エヒメケン,松野町,マツノチョウ
384887,愛媛県,エヒメケン,鬼北町,キホクチョウ
385069,愛媛県,エヒメケン,愛南町,アイナンチョウ
390003,高知県,コウチケン,,
392014,高知県,コウチケン,高知市,コウチシ
392022,高知県,コウチケン,室戸市,ムロトシ
392031,高知県,コウチケン,安芸市,アキシ
392049,高知県,コウチケン,南国市,ナンコクシ
392057,高知県,コウチケン,土佐市,トサシ
392065,高知県,コウチケン,須崎市,スサキシ
392081,高知県,コウチケン,宿毛市,スクモシ
392090,高知県,コウチケン,土佐清水市,トサシミズシ
392103,高知県,コウチケン,四万十市,シマントシ
392111,高知県,コウチケン,香南市,コウナンシ
392120,高知県,コウチケン,香美市,カミシ
393011,高知県,コウチケン,東洋町,トウヨウチョウ
393029,高知県,コウチケン,奈半利町,ナハリチョウ
393037,高知県,コウチケン,田野町,タノチョウ
393045,高知県,コウチケン,安田町,ヤスダチョウ
393053,高知県,コウチケン,北川村,キタガワムラ
393061,高知県,コウチケン,馬路村,ウマジムラ
393070,高知県,コウチケン,芸西村,ゲイセイムラ
393410,高知県,コウチケン,本山町,モトヤマチョウ
393444,高知県,コウチケン,大豊町,オオトヨチョウ
393631,高知県,コウチケン,土佐町,トサチョウ
393649,高知県,コウチケン,大川村,オオカワムラ
393860,高知県,コウチケン,いの町,イノチョウ
393878,高知県,コウチケン,仁淀川町,ニヨドガワチョウ
394017,高知県,コウチケン,中土佐町,ナカトサチョウ
394025,高知県,コウチケン,佐川町,サカワチョウ
394033,高知県,コウチケン,越知町,オチチョウ
394050,高知県,コウチケン,梼原町,ユスハラチョウ
394106,高知県,コウチケン,日高村,ヒダカムラ
394114,高知県,コウチケン,津野町,ツノチョウ
394122,高知県,コウチケン,四万十町,シマントチョウ
394246,高知県,コウチケン,大月町,オオツキチョウ
394271,高知県,コウチケン,三原村,ミハラムラ
394289,高知県,コウチケン,黒潮町,クロシオチョウ
400009,福岡県,フクオカケン,,
401005,福岡県,フクオカケン,北九州市,キタキュウシュウシ
401307,福岡県,フクオカケン,福岡市,フクオカシ
402028,福岡県,フクオカケン,大牟田市,オオムタシ
402036,福岡県,フクオカケン,久留米市,クルメシ
402044,福岡県,フクオカケン,直方市,ノオガタシ
402052,福岡県,フクオカケン,飯塚市,イイヅカシ
402061,福岡県,フクオカケン,田川市,タガワシ
402079,福岡県,フクオカケン,柳川市,ヤナガワシ
402109,福岡県,フクオカケン,八女市,ヤメシ
402117,福岡県,フクオカケン,筑後市,チクゴシ
402125,福岡県,フクオカケン,大川市,オオカワシ
402133,福岡県,フクオカケン,行橋市,ユクハシシ
402141,福岡県,フクオカケン,豊前市,ブゼンシ
402150,福岡県,フクオカケン,中間市,ナカマシ
402168,福岡県,フクオカケン,小郡市,オゴオリシ
402176,福岡県,フクオカケン,筑紫野市,チクシノシ
402184,福岡県,フクオカケン,春日市,カスガシ
402192,福岡県,フクオカケン,大野城市,オオノジョウシ
402206,福岡県,フクオカケン,宗像市,ムナカタシ
402214,福岡県,フクオカケン,太宰府市,ダザイフシ
402231,福岡県,フクオカケン,古賀市,コガシ
402249,福岡県,フクオカケン,福津市,フクツシ
402257,福岡県,フクオカケン,うきは市,ウキハシ
402265,福岡県,フクオカケン,宮若市,ミヤワカシ
402273,福岡県,フクオカケン,嘉麻市,カマシ
402281,福岡県,フクオカケン,朝倉市,アサクラシ
402290,福岡県,フクオカケン,みやま市,ミヤマシ
402303,福岡県,フクオカケン,糸島市,イトシマシ
403059,福岡県,フクオカケン,那珂川町,ナカガワマチ
403415,福岡県,フクオカケン,宇美町,ウミマチ
403423,福岡県,フクオカケン,篠栗町,ササグリマチ
403431,福岡県,フクオカケン,志免町,シメマチ
403440,福岡県,フクオカケン,須恵町,スエマチ
403458,福岡県,フクオカケン,新宮町,シングウマチ
403482,福岡県,フクオカケン,久山町,ヒサヤママチ
403491,福岡県,フクオカケン,粕屋町,カスヤマチ
403814,福岡県,フクオカケン,芦屋町,アシヤマチ
403822,福岡県,フクオカケン,水巻町,ミズマキマチ
403831,福岡県,フクオカケン,岡垣町,オカガキマチ
403849,福岡県,フクオカケン,遠賀町,オンガチョウ
404012,福岡県,フクオカケン,小竹町,コタケマチ
404021,福岡県,フクオカケン,鞍手町,クラテマチ
404217,福岡県,フクオカケン,桂川町,ケイセンマチ
404471,福岡県,フクオカケン,筑前町,チクゼンマチ
404489,福岡県,フクオカケン,東峰村,トウホウムラ
405035,福岡県,フクオカケン,大刀洗町,タチアライマチ
405221,福岡県,フクオカケン,大木町,オオキマチ
405442,福岡県,フクオカケン,広川町,ヒロカワマチ
406015,福岡県,フクオカケン,香春町,カワラマチ
406023,福岡県,フクオカケン,添田町,ソエダマチ
406040,福岡県,フクオカケン,糸田町,イトダマチ
406058,福岡県,フクオカケン,川崎町,カワサキマチ
406082,福岡県,フクオカケン,大任町,オオトウマチ
406091,福岡県,フクオカケン,赤村,アカムラ
406104,福岡県,フクオカケン,福智町,フクチマチ
406210,福岡県,フクオカケン,苅田町,カンダマチ
406252,福岡県,フクオカケン,みやこ町,ミヤコマチ
406422,福岡県,フクオカケン,吉富町,ヨシトミマチ
406465,福岡県,フクオカケン,上毛町,コウゲマチ
406473,福岡県,フクオカケン,築上町,チクジョウマチ
410004,佐賀県,サガケン,,
412015,佐賀県,サガケン,佐賀市,サガシ
412023,佐賀県,サガケン,唐津市,カラツシ
412031,佐賀県,サガケン,鳥栖市,トスシ
412040,佐賀県,サガケン,多久市,タクシ
412058,佐賀県,サガケン,伊万里市,イマリシ
412066,佐賀県,サガケン,武雄市,タケオシ
412074,佐賀県,サガケン,鹿島市,カシマシ
412082,佐賀県,サガケン,小城市,オギシ
412091,佐賀県,サガケン,嬉野市,ウレシノシ
412104,佐賀県,サガケン,神埼市,カンザキシ
413275,佐賀県,サガケン,吉野ヶ里町,ヨシノガリチョウ
413411,佐賀県,サガケン,基山町,キヤマチョウ
413453,佐賀県,サガケン,上峰町,カミミネチョウ
413461,佐賀県,サガケン,みやき町,ミヤキチョウ
413879,佐賀県,サガケン,玄海町,ゲンカイチョウ
414018,佐賀県,サガケン,有田町,アリタチョウ
414239,佐賀県,サガケン,大町町,オオマチチョウ
414247,佐賀県,サガケン,江北町,コウホクマチ
414255,佐賀県,サガケン,白石町,シロイシチョウ
414417,佐賀県,サガケン,太良町,タラチョウ
420000,長崎県,ナガサキケン,,
422011,長崎県,ナガサキケン,長崎市,ナガサキシ
422029,長崎県,ナガサキケン,佐世保市,サセボシ
422037,長崎県,ナガサキケン,島原市,シマバラシ
422045,長崎県,ナガサキケン,諫早市,イサハヤシ
422053,長崎県,ナガサキケン,大村市,オオムラシ
422070,長崎県,ナガサキケン,平戸市,ヒラドシ
422088,長崎県,ナガサキケン,松浦市,マツウラシ
422096,長崎県,ナガサキケン,対馬市,ツシマシ
422100,長崎県,ナガサキケン,壱岐市,イキシ
422118,長崎県,ナガサキケン,五島市,ゴトウシ
422126,長崎県,ナガサキケン,西海市,サイカイシ
422134,長崎県,ナガサキケン,雲仙市,ウンゼンシ
422142,長崎県,ナガサキケン,南島原市,ミナミシマバラシ
423076,長崎県,ナガサキケン,長与町,ナガヨチョウ
423084,長崎県,ナガサキケン,時津町,トギツチョウ
423211,長崎県,ナガサキケン,東彼杵町,ヒガシソノギチョウ
423220,長崎県,ナガサキケン,川棚町,カワタナチョウ
423238,長崎県,ナガサキケン,波佐見町,ハサミチョウ
423831,長崎県,ナガサキケン,小値賀町,オヂカチョウ
423912,長崎県,ナガサキケン,佐々町,サザチョウ
424111,長崎県,ナガサキケン,新上五島町,シンカミゴトウチョウ
430005,熊本県,クマモトケン,,
431001,熊本県,クマモトケン,熊本市,クマモトシ
432024,熊本県,クマモトケン,八代市,ヤツシロシ
432032,熊本県,クマモトケン,人吉市,ヒトヨシシ
432041,熊本県,クマモトケン,荒尾市,アラオシ
432059,熊本県,クマモトケン,水俣市,ミナマタシ
432067,熊本県,クマモトケン,玉名市,タマナシ
432083,熊本県,クマモトケン,山鹿市,ヤマガシ
432105,熊本県,クマモトケン,菊池市,キクチシ
432113,熊本県,クマモトケン,宇土市,ウトシ
432121,熊本県,クマモトケン,上天草市,カミアマクサシ
432130,熊本県,クマモトケン,宇城市,ウキシ
432148,熊本県,クマモトケン,阿蘇市,アソシ
432156,熊本県,クマモトケン,天草市,アマクサシ
432164,熊本県,クマモトケン,合志市,コウシシ
433489,熊本県,クマモトケン,美里町,ミサトマチ
433641,熊本県,クマモトケン,玉東町,ギョクトウマチ
433675,熊本県,クマモトケン,南関町,ナンカンマチ
433683,熊本県,クマモトケン,長洲町,ナガスマチ
433691,熊本県,クマモトケン,和水町,ナゴミマチ
434035,熊本県,クマモトケン,大津町,オオヅマチ
434043,熊本県,クマモトケン,菊陽町,キクヨウマチ
434230,熊本県,クマモトケン,南小国町,ミナミオグニマチ
434248,熊本県,クマモトケン,小国町,オグニマチ
434256,熊本県,クマモトケン,産山村,ウブヤマムラ
434281,熊本県,クマモトケン,高森町,タカモリマチ
434329,熊本県,クマモトケン,西原村,ニシハラムラ
434337,熊本県,クマモトケン,南阿蘇村,ミナミアソムラ
434418,熊本県,クマモトケン,御船町,ミフネマチ
434426,熊本県,クマモトケン,嘉島町,カシママチ
434434,熊本県,クマモトケン,益城町,マシキマチ
434442,熊本県,クマモトケン,甲佐町,コウサマチ
434477,熊本県,クマモトケン,山都町,ヤマトチョウ
434680,熊本県,クマモトケン,氷川町,ヒカワチョウ
434825,熊本県,クマモトケン,芦北町,アシキタマチ
434841,熊本県,クマモトケン,津奈木町,ツナギマチ
435015,熊本県,クマモトケン,錦町,ニシキマチ
435058,熊本県,クマモトケン,多良木町,タラギマチ
435066,熊本県,クマモトケン,湯前町,ユノマエマチ
435074,熊本県,クマモトケン,水上村,ミズカミムラ
435104,熊本県,クマモトケン,相良村,サガラムラ
435112,熊本県,クマモトケン,五木村,イツキムラ
435121,熊本県,クマモトケン,山江村,ヤマエムラ
435139,熊本県,クマモトケン,球磨村,クマムラ
435147,熊本県,クマモトケン,あさぎり町,アサギリチョウ
435317,熊本県,クマモトケン,苓北町,レイホクマチ
440001,大分県,オオイタケン,,
442011,大分県,オオイタケン,大分市,オオイタシ
442020,大分県,オオイタケン,別府市,ベップシ
442038,大分県,オオイタケン,中津市,ナカツシ
442046,大分県,オオイタケン,日田市,ヒタシ
442054,大分県,オオイタケン,佐伯市,サイキシ
442062,大分県,オオイタケン,臼杵市,ウスキシ
442071,大分県,オオイタケン,津久見市,ツクミシ
442089,大分県,オオイタケン,竹田市,タケタシ
442097,大分県,オオイタケン,豊後高田市,ブンゴタカダシ
442101,大分県,オオイタケン,杵築市,キツキシ
442119,大分県,オオイタケン,宇佐市,ウサシ
442127,大分県,オオイタケン,豊後大野市,ブンゴオオノシ
442135,大分県,オオイタケン,由布市,ユフシ
442143,大分県,オオイタケン,国東市,クニサキシ
443221,大分県,オオイタケン,姫島村,ヒメシマムラ
443417,大分県,オオイタケン,日出町,ヒジマチ
444618,大分県,オオイタケン,九重町,ココノエマチ
444626,大分県,オオイタケン,玖珠町,クスマチ
450006,宮崎県,ミヤザキケン,,
452017,宮崎県,ミヤザキケン,宮崎市,ミヤザキシ
452025,宮崎県,ミヤザキケン,都城市,ミヤコノジョウシ
452033,宮崎県,ミヤザキケン,延岡市,ノベオカシ
452041,宮崎県,ミヤザキケン,日南市,ニチナンシ
452050,宮崎県,ミヤザキケン,小林市,コバヤシシ
452068,宮崎県,ミヤザキケン,日向市,ヒュウガシ
452076,宮崎県,ミヤザキケン,串間市,クシマシ
452084,宮崎県,ミヤザキケン,西都市,サイトシ
452092,宮崎県,ミヤザキケン,えびの市,エビノシ
453412,宮崎県,ミヤザキケン,三股町,ミマタチョウ
453617,宮崎県,ミヤザキケン,高原町,タカハルチョウ
453820,宮崎県,ミヤザキケン,国富町,クニトミチョウ
453838,宮崎県,ミヤザキケン,綾町,アヤチョウ
454010,宮崎県,ミヤザキケン,高鍋町,タカナベチョウ
454028,宮崎県,ミヤザキケン,新富町,シントミチョウ
454036,宮崎県,ミヤザキケン,西米良村,ニシメラソン
454044,宮崎県,ミヤザキケン,木城町,キジョウチョウ
454052,宮崎県,ミヤザキケン,川南町,カワミナミチョウ
454061,宮崎県,ミヤザキケン,都農町,ツノチョウ
454214,宮崎県,ミヤザキケン,門川町,カドガワチョウ
454290,宮崎県,ミヤザキケン,諸塚村,モロツカソン
454303,宮崎県,ミヤザキケン,椎葉村,シイバソン
454311,宮崎県,ミヤザキケン,美郷町,ミサトチョウ
454419,宮崎県,ミヤザキケン,高千穂町,タカチホチョウ
454427,宮崎県,ミヤザキケン,日之影町,ヒノカゲチョウ
454435,宮崎県,ミヤザキケン,五ヶ瀬町,ゴカセチョウ
460001,鹿児島県,カゴシマケン,,
462012,鹿児島県,カゴシマケン,鹿児島市,カゴシマシ
462039,鹿児島県,カゴシマケン,鹿屋市,カノヤシ
462047,鹿児島県,カゴシマケン,枕崎市,マクラザキシ
462063,鹿児島県,カゴシマケン,阿久根市,アクネシ
462080,鹿児島県,カゴシマケン,出水市,イズミシ
462101,鹿児島県,カゴシマケン,指宿市,イブスキシ
462136,鹿児島県,カゴシマケン,西之表市,ニシノオモテシ
462144,鹿児島県,カゴシマケン,垂水市,タルミズシ
462152,鹿児島県,カゴシマケン,薩摩川内市,サツマセンダイシ
462161,鹿児島県,カゴシマケン,日置市,ヒオキシ
462179,鹿児島県,カゴシマケン,曽於市,ソオシ
462187,鹿児島県,カゴシマケン,霧島市,キリシマシ
462195,鹿児島県,カゴシマケン,いちき串木野市,イチキクシキノシ
462209,鹿児島県,カゴシマケン,南さつま市,ミナミサツマシ
462217,鹿児島県,カゴシマケン,志布志市,シブシシ
462225,鹿児島県,カゴシマケン,奄美市,アマミシ
462233,鹿児島県,カゴシマケン,南九州市,ミナミキュウシュウシ
462241,鹿児島県,カゴシマケン,伊佐市,イサシ
462250,鹿児島県,カゴシマケン,姶良市,アイラシ
463035,鹿児島県,カゴシマケン,三島村,ミシマムラ
463043,鹿児島県,カゴシマケン,十島村,トシマムラ
463922,鹿児島県,カゴシマケン,さつま町,サツマチョウ
464040,鹿児島県,カゴシマケン,長島町,ナガシマチョウ
464520,鹿児島県,カゴシマケン,湧水町,ユウスイチョウ
464686,鹿児島県,カゴシマケン,大崎町,オオサキチョウ
464821,鹿児島県,カゴシマケン,東串良町,ヒガシクシラチョウ
464902,鹿児島県,カゴシマケン,錦江町,キンコウチョウ
464911,鹿児島県,カゴシマケン,南大隅町,ミナミオオスミチョウ
464929,鹿児島県,カゴシマケン,肝付町,キモツキチョウ
465011,鹿児島県,カゴシマケン,中種子町,ナカタネチョウ
465020,鹿児島県,カゴシマケン,南種子町,ミナミタネチョウ
465054,鹿児島県,カゴシマケン,屋久島町,ヤクシマチョウ
465232,鹿児島県,カゴシマケン,大和村,ヤマトソン
465241,鹿児島県,カゴシマケン,宇検村,ウケンソン
465259,鹿児島県,カゴシマケン,瀬戸内町,セトウチチョウ
465275,鹿児島県,カゴシマケン,龍郷町,タツゴウチョウ
465291,鹿児島県,カゴシマケン,喜界町,キカイチョウ
465305,鹿児島県,カゴシマケン,徳之島町,トクノシマチョウ
465313,鹿児島県,カゴシマケン,天城町,アマギチョウ
465321,鹿児島県,カゴシマケン,伊仙町,イセンチョウ
465330,鹿児島県,カゴシマケン,和泊町,ワドマリチョウ
465348,鹿児島県,カゴシマケン,知名町,チナチョウ
465356,鹿児島県,カゴシマケン,与論町,ヨロンチョウ
470007,沖縄県,オキナワケン,,
472018,沖縄県,オキナワケン,那覇市,ナハシ
472051,沖縄県,オキナワケン,宜野湾市,ギノワンシ
472077,沖縄県,オキナワケン,石垣市,イシガキシ
472085,沖縄県,オキナワケン,浦添市,ウラソエシ
472093,沖縄県,オキナワケン,名護市,ナゴシ
472107,沖縄県,オキナワケン,糸満市,イトマンシ
472115,沖縄県,オキナワケン,沖縄市,オキナワシ
472123,沖縄県,オキナワケン,豊見城市,トミグスクシ
472131,沖縄県,オキナワケン,うるま市,ウルマシ
472140,沖縄県,オキナワケン,宮古島市,ミヤコジマシ
472158,沖縄県,オキナワケン,南城市,ナンジョウシ
473014,沖縄県,オキナワケン,国頭村,クニガミソン
473022,沖縄県,オキナワケン,大宜味村,オオギミソン
473031,沖縄県,オキナワケン,東村,ヒガシソン
473065,沖縄県,オキナワケン,今帰仁村,ナキジンソン
473081,沖縄県,オキナワケン,本部町,モトブチョウ
473111,沖縄県,オキナワケン,恩納村,オンナソン
473138,沖縄県,オキナワケン,宜野座村,ギノザソン
473146,沖縄県,オキナワケン,金武町,キンチョウ
473154,沖縄県,オキナワケン,伊江村,イエソン
473243,沖縄県,オキナワケン,読谷村,ヨミタンソン
473251,沖縄県,オキナワケン,嘉手納町,カデナチョウ
473260,沖縄県,オキナワケン,北谷町,チャタンチョウ
473278,沖縄県,オキナワケン,北中城村,キタナカグスクソン
473286,沖縄県,オキナワケン,中城村,ナカグスクソン
473294,沖縄県,オキナワケン,西原町,ニシハラチョウ
473481,沖縄県,オキナワケン,与那原町,ヨナバルチョウ
473502,沖縄県,オキナワケン,南風原町,ハエバルチョウ
473537,沖縄県,オキナワケン,渡嘉敷村,トカシキソン
473545,沖縄県,オキナワケン,座間味村,ザマミソン
473553,沖縄県,オキナワケン,粟国村,アグニソン
473561,沖縄県,オキナワケン,渡名喜村,トナキソン
473570,沖縄県,オキナワケン,南大東村,ミナミダイトウソン
473588,沖縄県,オキナワケン,北大東村,キタダイトウソン
473596,沖縄県,オキナワケン,伊平屋村,イヘヤソン
473600,沖縄県,オキナワケン,伊是名村,イゼナソン
473618,沖縄県,オキナワケン,久米島町,クメジマチョウ
473626,沖縄県,オキナワケン,八重瀬町,ヤエセチョウ
473758,沖縄県,オキナワケン,多良間村,タラマソン
473812,沖縄県,オキナワケン,竹富町,タケトミチョウ
473821,沖縄県,オキナワケン,与那国町,ヨナグニチョウ