都道府県コード又は市区町村コード,NO,都道府県名,市区町村名,名称,カナ,郵便番号,区,所在地1,所在地2,緯度,経度,電話番号,URL,設置主体,定員,対象年齢[受入],対象年齢[最終],休園日,開所時間,閉所時間,教育標準開始時間,教育標準終了時間,延長保育の有無,延長保育[朝の開始時間],延長保育[夕方の終了時間],延長保育[利用料],延長保育[特記事項],満3歳児保育,備考,保育料,給食・お弁当,その他保護者負担額,特色/PR,方針,保護者の活動,送迎方法,駐車場,未就園児対象の行事,ひと言
221309,A122210000970,静岡県,浜松市,浜松市立南の星幼稚園,ハママツシリツミナミノホシヨウチエン,4300837,南区,浜松市南区西島町1148-1,,34.662642,137.768259,(053)425-2836,minaminohoshi-k@city.hamamatsu-szo.ed.jp,浜松市,60,3歳児,就学前まで,土・日・祝日・夏・冬・春休み,8:30,14:00,8:30,14:00,なし,,,,,なし,,保育料（1号認定）,"給食（外注昼食） 週3回 / 持参弁当 週2回
アレルギー対応：あり
給食費 284円/食・360円/食
","【毎月】
絵本代 PTA会費 教材費 行事費
1,000円～2,000円程度
【その他】
園服 クラス帽子  かばん  防災用品  保育用品  保険料",南の星小学校と園舎がつながっており、自由に行き来ができるようになっています。小学校のお兄さんお姉さんに絵本を読んでもらったり、一緒に遊んでもらったりなどの交流を行っています。また、本園は、いろいろな国の子どもたちがいます。その中で、一緒に遊んだり生活したりすることを楽しんでいます。,園目標を「かがやく子～どの子も大好きなことがいっぱいある幼稚園～」重点目標を『ぐんぐん(体づくり)』『にこにこ（心づくり）』『わくわく（夢中で遊ぶ・伝える力』とし、保育をしています。遊びを通して、相手を思いやる気持ち、我慢する気持ち、友達の良さを認め合うなど友達と一緒に育ち合う場を大切にしています。,"PTA役員
ボランティア活動
サークル活動","集団徒歩通園
保護者による個別送迎",なし,未就園児プレクラス（ふれあい遊び　原則として毎月第2火曜日実施）,「おはよう」の声が園内に響き渡り、みんなが笑顔になって気持ちのいい一日が始まります。できなかったことができ、笑顔になる、みんなから祝福されて笑顔になる。笑顔になれる魔法がいっぱい詰まった与進幼稚園を誇りに思うと同時に、この幼稚園に関わることができ、幸せに思います。
221309,A122210000989,静岡県,浜松市,浜松市立和田幼稚園,ハママツシリツワダヨウチエン,4350017,東区,浜松市東区薬師町291,,34.725416,137.783205,(053)421-2942,wada-k@city.hamamatsu-szo.ed.jp,浜松市,80,3歳児,就学前まで,土・日・祝日・夏・冬・春休み,8:30,14:00,8:30,14:00,なし,,,,,なし,,保育料（1号認定）,"給食（外注昼食） 週3回 / 持参弁当 週2回
アレルギー対応：あり（要相談）
給食費 325円/食 年間92食予定
（3期に分けての支払い）
","【毎月】
絵本代 PTA会費 教材費 集会費 アルバム代（年長のみ）
1,000円～2,000円程度
【入園時】
体操服 クラス帽子 かばん 防災用品 保育用品
22,000円程度
【年間一括、その他】
保険料200円　
写真代（入園卒園時） 800円　
行事費 6,000円程度",隣接している小学校と交流を行ったり、地域の安間川公園や田んぼ、神社に出掛け、四季折々の遊びを楽しんだりしています。また、地域の方のご協力のもと、稲や野菜作り、お茶会、しめ縄作り等、地域や日本の伝統文化に触れる体験もできます。,園目標『心も体もたくましい子』を願い、戸外で心と体を動かして遊ぶ体験を重視しています。健康や安全な生活をするための基礎づくり、相手を認め合いながら遊びを楽しむ仲間関係、いろいろなことに気付く感性が育つようにしています。また、明るく温かみがあり、地域や保護者から愛される幼稚園を目指しています。,"PTA役員
ボランティア活動
サークル活動",保護者による個別送迎,PTA借用駐車場あり,"未就園児サークル（かんがるーのポッケ）（5月～2月、月1回程度）
入園説明会・相談会（5月）
園庭解放（保育日　午前11時～午後1時）
見学・参加できる行事（運動会・クリスマス会・豆まき会等）",少人数だからこそ、子供も保護者も互いに「仲良し」なれる笑顔溢れる毎日です。PTA活動もお母さん同士が協力し合い、和気あいあい楽しく進めています。元気な挨拶と笑い声の絶えない、明るい幼稚園です。
221309,A122210000998,静岡県,浜松市,浜松市立与進幼稚園,ハママツイチリツヨシンヨウチエン,4350051,東区,浜松市東区市野町2404-1,,34.741713,137.770633,(053)421-1442,yoshin-k@city.hamamatsu-szo.ed.jp,浜松市,120,3歳児,就学前まで,土・日・祝日・夏・冬・春休み,7:30,18:30,8:20,14:00,あり,7:30,18:30,7:30～開園　100円降園～14:30　150円、以後1時間ごと100円,長期休業中7:30～18:30,なし,,保育料（1号認定）,"給食（外注昼食） 週2回 / 持参弁当 週3回
アレルギー対応：要相談
給食費 315円/食・325円/食
","【毎月】
絵本代 PTA会費 教材費
1,000円～2,000円程度
【その他】
クラス帽子  かばん  防災用品  保育用品  保険料  遠足代 教育振興費 アルバム代","1000坪の広い敷地に、様々な遊具や大きな土山、季節を感じる樹木があり、四季を通じて五感を刺激する環境が整っています。地域の学校との交流が盛んで、与進小学校、与進北小学校で小学生と交流をさせてもらったり、与進中学校のお兄さん、お姉さんが体験実習に来てくれて、触れ合いを楽しんだりします。
花を種から育てたり、季節の野菜を育てたりする活動も楽しんでいます。幼稚園の畑で収穫した野菜を使ってクッキング体験をして、食育にも力を入れています。地域の和菓子屋さんとお団子作りをしたり、お茶会では、お茶の作法やおもてなしの心を教えていただいたりして、豊かな体験を大切にしています。",「おひさまだいすき」「ともだちだいすき」「あそびがだいすき」大好きをいっぱいにため込んで自己肯定感をもった心豊かな子を育みます。「できるできるきっとできる」を合言葉に一人一人の可能性を信じ、寄り添いながら愛情いっぱいに育てます。子ども・保護者・教師・地域が愛情と信頼の絆を深め、みんなが支え合う温かい園を目指しています。,"PTA役員
ボランティア活動","集団徒歩通園
保護者による個別送迎",あり,"体験入園（6・9月）
一日入園（12・1・2・3月）
見学・参加出来る行事（運動会・秋祭り）",園児の数が多くないので、親同士・子ども同士も“みんな知り合い”という雰囲気です。園長先生もPTAのお母様たちとわきあいあいとしています。小学校と隣接しているので、小学校に入学しても慣れているので安心ではないか、と思います。日々の遊びも、子ども達の自主性を重視していると感じました。地域のイベントへの参加も多く、地域との触れ合いに積極的です。
221309,A122210001005,静岡県,浜松市,浜松市立豊西幼稚園,ハママツイチリツトヨニシヨウチエン,4313102,東区,浜松市東区豊西町1551,,34.766179,137.804139,(053)434-1259,toyonishi-k@city.hamamatsu-szo.ed.jp,浜松市,90,3歳児,就学前まで,土・日・祝日・夏・冬・春休み,7:30,18:30,8:30,14:00,あり,7:30,18:30,7:30～開園　100円降園～14:30　150円、以後1時間ごと100円,長期休業中7:30～18:30（実施除外期間あり）,なし,,保育料（1号認定）,"給食（外注昼食） 週2回 / 持参弁当 週3回
アレルギー対応：要相談
給食費 325円/食・363円/食 
","【毎月】
絵本代 PTA会費 教材費 教育振興費
1,000円～2,000円程度
【その他】
クラス帽子  かばん  防災用品  保育用品  保険料","豊西幼稚園は、田畑・川・神社に囲まれた自然豊かな地域にあります。緑に囲まれた広い園庭では泥んこ遊びや体を動かして遊んだり、畑で野菜を栽培したり、川遊びをしたりして体も心も豊かな「豊西っ子」を育てています。
また、敷地隣にある豊西小との交流はもちろん、笠井中学校区の幼小中学生など、地域の子どもたちとの触れ合いも大切にしています。",園目標を「元気いっぱい　友達いっぱい　豊西大好きな子」として、「元気もりもり」（体を動かして遊ぶ、基本的な生活習慣を身に付ける）「友達にこにこ」（友達と一緒に遊ぶことを楽しむ中で思いやりの心、規範意識を育てる）「豊西わくわく」（試したり考えたりしてじっくり遊び、地域の自然や人との触れ合いの中で、地域の良さを味わい、豊西大好きな子を育てる）を合言葉に安心して子どもを任せられる温かな幼稚園を目指しています。,"PTA役員
ボランティア活動","集団徒歩通園
保護者による個別送迎",あり,"未就園児プレクラス（かるがも 月1回実施）
入園説明会（６月）
１日入園（12月・2月）
見学・参加できる行事（運動会）",幼稚園で過ごす子どもたちと、かかわる機会に恵まれています。自然と素敵なママ友の輪が広がっています。
221309,A122210001014,静岡県,浜松市,浜松市立笠井幼稚園,ハママツシリツカサイヨウチエン,4313107,東区,浜松市東区笠井町478-1,,34.770805,137.795198,(053)434-1205,kasai-k@city.hamamatsu-szo.ed.jp,浜松市,80,3歳児,就学前まで,土・日・祝日・夏・冬・春休み,8:30,14:00,8:30,14:00,なし,,,,,なし,,保育料（1号認定）,"給食（外注昼食） 週2回 / 持参弁当 週3回
アレルギー対応：あり
給食費 325円/食
","【毎月】
絵本代 PTA会費 教材費 アルバム代(年長のみ)
1,000円～2,000円程度
【年間一括、その他】
園服 体操服 クラス帽子  かばん  防災用品  保育用品  保険料","・遊びを中心とし、総合的な学びを助長します。
・地域に根差した幼稚園（保・幼・小・中・高・地域の方との交流）",一人一人の成長に丁寧に向き合い「確かな幼児理解」を根幹に据え、保育に取り組む。,"PTA役員
ボランティア活動",保護者による個別送迎,なし,"未就園児プレクラス（こあら組　毎月第2または第3水曜日実施、1日入園12・1月）
入園説明会（5・6月）
見学は随時可（事前に電話連絡）
園庭開放（毎日14:30～15:30） ","子供たちが元気いっぱい走り回ることができる広い園庭には、大きなくすのきがあり、自然があふれています。地域のたくさんの方々が子供たちのために協力してくださり、とても環境に恵まれた幼稚園です。
園の様子をお知りになりたい方はブログをご覧ください。"
221309,A122210001023,静岡県,浜松市,浜松市立中ノ町幼稚園,ハママツイチリツナカノマチヨウチエン,4350004,東区,浜松市東区中野町427-1,,34.729296,137.793537,(053)421-3873,nakanomachi-k@city.hamamatsu-szo.ed.jp,浜松市,70,3歳児,就学前まで,土・日・祝日・夏・冬・春休み,8:30,14:00,8:30,14:00,なし,,,,,なし,,保育料（1号認定）,"給食（外注昼食） 週3回 / 持参弁当 週1回 / おにぎり 週1回
アレルギー対応：要相談
給食費（外注昼食希望者）8,000円程度/1学期 3学期は6,000円程度
","【毎月】
絵本代 PTA会費 教材費 おやつ代
1,300円程度
【入園時】
体操服 その他
14,000円程度
【その他】
保険料 200円 
行事費積立 1,000円×5か月
アルバム代（年中・年長）3,100円×6か月",広い園庭には、子どもにとって魅力的な遊具がたくさんあり、草花を使った遊びや、バッタやコオロギ等の虫取り等、自然体験もたっぷりできます。園内にある畑では、様々な農作物を育てており、収穫や料理体験も子供たちの楽しみの一つです。また、地域の方との触れ合いや地元の特色を保育に活かし、つよい子・やさしい子・考える子を育てています。,"園目標　「たくましく　のびのび育て　中ノ町っ子」
重点目標「つよい子・やさしい子・考える子」
具体策　４つのプランを基に進めています。
モリモリプラン　：心も体も健康な子に
ワイワイプラン　：先生や友達との遊びを楽しむ子に
ドキドキプラン　：深く・広く学ぶ子に
ヤッタネ！プラン：保護者と共に子どもたちの成長を喜んで","PTA役員
ボランティア活動
サークル活動","集団徒歩通園
保護者による個別送迎
その他 （園にお問い合わせください）",PTA借用駐車場あり,"未就園児プレクラス（ばんびクラブ、年間10回程度実施）
入園説明会（5・6・7月）
園庭開放（毎週木曜日 午前10時～11時）
見学・参加出来る行事（運動会）","・夏には、園庭で土山にトンネルを掘って泥んこ遊びをしたり、季節に合わせた先生方の工夫があって子どもが毎日とても楽しく通っています。
・伸び伸びとした生活で個性を大切にしてくれるので安心です。"
221309,A122210001032,静岡県,浜松市,浜松市立芳川幼稚園,ハママツシリツホウガワヨウチエン,4300813,南区,浜松市南区芳川町190,,34.693024,137.765326,(053)461-5642,hogawa-k@city.hamamatsu-szo.ed.jp,浜松市,70,3歳児,就学前まで,土・日・祝日・夏・冬・春休み,8:30,14:00,8:30,14:00,なし,,,,,なし,,保育料（1号認定）,"給食（外注昼食） 週2回 / 持参弁当 週3回
アレルギー対応：要相談
給食費 325円/食 約2,700円/月
","【毎月】
絵本代 PTA会費 教材費
1,000円～2,000円程度
【その他】
園服 クラス帽子  かばん  防災用品  保育用品  保険料  遠足代","芳川小学校、南陽中学校が近隣にあり、運動会などの行事に参加する等、小・中学生との交流ができます。
運動教室、サッカー・テニス教室などを取り入れ、体を動かす遊びを十分に楽しみ、元気な体作りをしています。
泥んこ遊び、栽培・飼育活動、季節の行事など、自然や本物に触れる体験を大切にしています。",笑顔・信頼・つながりを大切にし、心が通い合う幼稚園を目指しています。「一人一人に丁寧にかかわり育てる」という教育の原点を大切にし、子どもたちにとって幼稚園が安心して自分を出し、友達との生活や遊びを楽しむ場となるようにします。家庭、地域と連携を深め、「自分が大好き、みんなも大好き」な子を育てます。,"PTA役員
ボランティア活動
サークル活動","保護者による個別送迎
その他 （園にお問い合わせください）",PTA借用駐車場あり,"入園説明会（6～9月）
見学・参加出来る行事（夏祭り、運動会）","・季節行事が沢山あり、その中で地域の人との触れ合いがあるので、子どもたちもとても楽しそうです。
・先生方は子供一人一人の事をよく考えてくれます。お母さんの悩みや子育ての相談もしやすいです。
・随時、幼稚園を開放してくれているので、子ども達の生き生きとした笑顔がいつでも観る事ができて嬉しいです。"
221309,A122210001041,静岡県,浜松市,浜松市立花川幼稚園,ハママツシリツハナカワヨウチエン,4338109,中区,浜松市中区花川町1908-1,,34.774167,137.687319,(053)436-1209,hanakawa-k@city.hamamatsu-szo.ed.jp,浜松市,30,3歳児,就学前まで,土・日・祝日・夏・冬・春休み,8:30,14:00,8:30,14:00,なし,,,,,なし,,保育料（1号認定）,"給食（外注昼食） 週3回 / 持参弁当 週2回
アレルギー対応：要相談
給食費 250円/食
","【毎月】
絵本代 PTA会費 教材費 行事費
1,000円～2,000円程度
【その他】
クラス帽子  かばん  防災用品  保育用品  保険料","・広い園庭、プール、畑があり、園の近くには花川運動公園やバラ苑があります。恵まれた環境を生かし、一年を通じて身近な自然に触れることを大切に、子供たちの豊かな感性や好奇心を育てています。
・隣接小学校、保育園、視覚特別支援学校、地域の方との交流も盛んに行っています。","[園目標］自分らしく輝き、たくましく遊ぶ子
・遊びをとおして友達と関わりながら、社会性・自立心・協同性・道徳性・豊かな感性など、人として必要な基礎の力が身につくよう、個に応じた支援をします。
・家庭と連携し、一人一人の育ちを確認しながら基本的な生活習慣が身につくようにします。
・隣接する小学校と連携を図り、幼稚園から小学校への滑らかな接続ができるようにします。
・地域の施設や人々と交流し、地域に愛される幼稚園を目指します。","PTA役員
ボランティア活動",保護者による個別送迎,近隣駐車場あり,"未就園児プレクラス（ひまわりキッズ、年10回実施）
園庭開放（毎週水曜日 午前10時～11時30分）
見学・参加出来る行事（随時）",幼・小・中・高とのかかわりが多く、地域と共に子どもたちが、伸び伸びと育っています。元気いっぱいの幼稚園です！
221309,A122210001050,静岡県,浜松市,浜松市立三方原幼稚園,ハママツイチリツミカタハラヨウチエン,4338105,北区,浜松市北区三方原町284-7,,34.774566,137.710838,(053)436-2516,mikatahara-k@city.hamamatsu-szo.ed.jp,浜松市,70,3歳児,就学前まで,土・日・祝日・夏・冬・春休み,8:30,14:00,8:30,14:00,なし,,,,,なし,,保育料（1号認定）,"給食（外注昼食） 週3回 / おにぎり弁当 週2回
アレルギー対応：要相談
給食費 250円/食・390円/食 
","【毎月】
絵本代 PTA会費 教材費
1,030円
【その他】
体操服 クラス帽子  かばん  防災用品  保育用品  保険料","○異年齢児が交流し合って遊んだり、生活したりする中で、思いやりの心を育てています。
○三方原中央児童遊園地へ出掛け、虫探しや木の実拾いを通して四季の自然を感じながら遊びます。
○自分たちで季節の野菜を育て、収穫したり、味わったりして楽しみます。
〇園外の畑まで歩いて出掛け、体力づくりと交通ルールを身に付けます。
○地域の小学校・中学校とのつながりを大切にしています。
","○園目標「すこやかな子」に向けて、「元気がいっぱい、友達がいっぱい、思いがいっぱいの子」を育てます。
○一人一人が育つための確かな子ども理解に努めます。
○発達に応じた環境や援助の工夫をします。
○基本的な生活習慣の定着を図ります。
○豊かな心が育つための体験や行事を実施します。","PTA役員
ボランティア活動",保護者による個別送迎,近隣駐車場あり,"園庭開放（年間15回程度実施）
入園説明会（6月、9月他　園庭開放時に質問等受付）
見学・参加出来る行事（運動会） ",たくさんの緑と温かな地域の方々に囲まれた園です。お母さん同士の交流もあり、小学校へ入学した後も悩みを相談できます。3年間を通して、親子で成長できますよ！
221309,A122210001069,静岡県,浜松市,浜松市立豊岡幼稚園,ハママツシリツトヨオカヨウチエン,4338103,北区,浜松市北区豊岡町22,,34.786989,137.71942,(053)436-2155,toyooka-k@city.hamamatsu-szo.ed.jp,浜松市,130,3歳児,就学前まで,土・日・祝日・夏・冬・春休み,8:30,14:00,8:30,14:00,なし,,,,,なし,,保育料（1号認定）,"給食（外注昼食） 週2回 / 持参弁当 週3回
アレルギー対応：あり
給食費 250円/食 323円/食
","【毎月】
絵本代 PTA会費 教材費 おやつ代
1,000円～2,000円程度
【その他】
園服 体操服 クラス帽子  かばん  防災用品  保育用品  保険料",自然豊かな広い園庭と高い築山が自慢の幼稚園。はじける笑顔と歓声が溢れる元気いっぱいの子どもが主役の幼稚園です。様々な遊びや地域環境を活用した体験活動を通して、豊かな感性や知的好奇心を高め、創造力や思考力などの芽生えを育みます。また、集団生活や隣接する小中学校との交流活動を通して、自分らしさを大切にしながら人とかかわる力を育てます。,"・心身ともに「すこやかな子」の育成を目指し、「元気いっぱい」「やさしさいっぱい」「アイディアいっぱい」を重点目標に設定し保育します。
・「幼稚園が楽しい」と感じられる、子どもにとって「通いたくなる幼稚園」「遊びたくなる幼稚園」を目指します。
・子育て支援に努め、保護者の皆様方にとって「通わせたくなる幼稚園」を目指します。","PTA役員
ボランティア活動",保護者による個別送迎,あり,"未就園児サークル（ひまわりぐみ、月3回程度）
入園説明会（5・6月）、見学随時
地域公開日（年3回程度）、園庭開放（未就園児サークル開催日）
見学・参加出来る行事（運動会・ひまわり交流（在園児との交流））",中区唯一の公立幼稚園で花川以外の地区から通う子も多くいます。ボランティアなどで園行事に参加し、子どもとの楽しい時間をたくさん共有することができ良い経験をさせてもらったと思っています。
221309,A122210001078,静岡県,浜松市,浜松市立初生幼稚園,ハママツイチリツハツオイヨウチエン,4338112,北区,浜松市北区初生町991,,34.76882,137.725979,(053)436-2106,hatsuoi-k@city.hamamatsu-szo.ed.jp,浜松市,70,3歳児,就学前まで,土・日・祝日・夏・冬・春休み,8:30,14:00,8:30,14:00,なし,,,,,なし,,保育料（1号認定）,"給食（外注昼食またはパン昼食） 週2回 / 持参弁当 週3回
アレルギー対応：あり
給食費 250円/食 380円/食（パン昼食）
","【毎月】
絵本代 PTA会費 教材費 アルバム代
1,000円～2,000円程度
【その他】
体操服 クラス帽子  かばん  防災用品  保育用品  保険料","豊かな教育環境の中で、全職員が一丸となって幼児の成長（身体づくり・心づくり）を見守っています。
◎体を動かして遊ぶ楽しさを味わえる3年間の系統的な指導の実施
◎豊かな言葉で表現する幼児を育てる
◎異年齢交流を通しての豊かな心の醸成
◎絵本の楽しさを伝える
◎初生小学校との連携と交流
◎便りやブログでタイムリーに子供の姿を紹介し園教育を見える化","「心豊かでたくましい子」を園目標に、心身共に健康でいきいきと生活することを願い、次のような幼児像を目指します。
・主体的に活動する子供
・友達と親しむ子供
・豊かに表現する子供","PTA役員
ボランティア活動",保護者による個別送迎,なし,"未就園児プレクラス（12・1・2月 体験入園）
入園説明会（7月）
園庭開放（毎月最終水曜日）
見学・参加出来る行事（運動会、ミニ発表会）",子供たちが伸び伸びと楽しみながら成長できる幼稚園です。泥んこもプールも思いっ切り楽しめます。先生たちの目が行き届き一人一人に合った対応をしてくれます。小規模園なので、子供の成長していく姿を、良く見ることができます。
221309,A122210001087,静岡県,浜松市,浜松市立白脇幼稚園,ハママツイチリツシラワキヨウチエン,4300841,南区,浜松市南区寺脇町230,,34.681886,137.742681,(053)441-0531,shirawaki-k@city.hamamatsu-szo.ed.jp,浜松市,80,3歳児,就学前まで,土・日・祝日・夏・冬・春休み,7:30,18:30,8:30,14:00,あり,7:30,18:30,7:30～開園　100円　降園～14:30　150円、以後1時間ごと100円,長期休業中8:30～18:30,なし,,保育料（1号認定）,"給食（外注昼食） 週3回 / 持参弁当 週2回
アレルギー対応：あり
給食費 250円/食・345円/食  約3,000円/月
","【毎月】
絵本代 PTA会費 教材費 卒園アルバム代 遠足実費代
2,000円～3,000円程度
【その他】
園服 クラス帽子  かばん  防災用品  保育用品  保険料","・遊びを通しての学びを重視した保育をしています。
・地域の方が講師となり「野菜作り」「銭太鼓」「お茶会」など行い、地域とのつながりを大切にしています。
・異年齢交流を大切にし思いやりの心を育んでいます。
・様々な参加会を通して保護者が子どものことを知り「子育ての楽しさ」を感じられるようにしています。
・地域の子育て支援「ちびっこひろば」と連携しています。","・「元気と笑顔がいっぱい、安心安全、地域とつながる幼稚園」を目指しています。
・「一人一人がかけがえのない存在」として、自分らしく輝き、仲間の中で充実した園生活を過ごせるようにしています。","PTA役員
サークル活動",保護者による個別送迎,PTA借用駐車場あり,"未就園児ちびっこひろば（5・6・7・9・10・11月に各１回）
入園説明会（12・1月）","・園庭が広く、子どもが伸び伸び遊べることに満足しています。特に、様々な体験活動や運動遊びが充実しており、良い刺激を受けています。
・子どもは豊岡幼稚園に入ってから、明るく毎日が楽しそうです。先生が一人一人良いところを見て励まし、見守り、指導して、そして一緒に楽しく過ごしてくださっているからだと思います。"
221309,A122210001096,静岡県,浜松市,浜松市立飯田幼稚園,ハママツシリツイイダヨウチエン,4350028,南区,浜松市南区飯田町1014,,34.703665,137.773273,(053)461-9555,iida-k@city.hamamatsu-szo.ed.jp,浜松市,70,3歳児,就学前まで,土・日・祝日・夏・冬・春休み,8:30,14:00,8:30,14:00,なし,,,,,なし,,保育料（1号認定）,"給食（外注昼食） 週3回 / 持参弁当 週2回
アレルギー対応：要相談
給食費 325円/食・389円/食
","【毎月】
絵本代 PTA会費 教材費 行事費 アルバム代
1,000円～2,000円程度
【その他】
園服 クラス帽子  かばん  防災用品  保育用品  保険料",温かい地域の協力のもと、田植え、野菜栽培、お練りの会、凧作りなど感動的な直接体験を大切にするとともに、じっくり試したり工夫したりできる場を保障し、「自ら遊び、考えること」を大切にします。,子ども一人一人との信頼関係を築き、人とのかかわりを通し将来を見通した道徳性の芽生えを育成しています。また、教職員・保護者・地域が支え合い、一体となって一人一人の子どもを大切に育てています。,"PTA役員
ボランティア活動
サークル活動","集団徒歩通園
保護者による個別送迎",あり,"未就園児プレクラス（ひよこ学級 5月より毎月1回実施）
入園説明会（6・7月）
園庭開放（なかよしの庭　月2回）
見学・参加出来る行事（運動会）",一人一人と丁寧に関わり、その子の良さを見つけ、良さを伸ばすことができるように努めています。保護者・地域の方々が温かく見守る中で、職員も一緒に子供たちと育ち合う「楽しい保育」を目指しています。
221309,A122210001103,静岡県,浜松市,浜松市立有玉幼稚園,ハママツイチリツアリタマヨウチエン,4313122,東区,浜松市東区有玉南町585,,34.755805,137.751011,(053)434-0263,aritama-k@city.hamamatsu-szo.ed.jp,浜松市,100,3歳児,就学前まで,土・日・祝日・夏・冬・春休み,8:30,14:00,8:30,14:00,なし,,,,,なし,,保育料（1号認定）,"給食（外注昼食） 週3回 / 持参弁当 週2回
アレルギー対応：要相談
給食費 259円/食・334円/食  約3,400円/月
","【毎月】
PTA会費 教材費 行事費(おやつ代)
1,000円～2,000円程度
【その他】
園服 クラス帽子  かばん  防災用品  保育用品  保険料","・友だちと一緒にじっくりたっぷり遊んだり身体を十分に動かして遊んだりする中で、心身共にたくましい子を育てています。
・田んぼで泥んこ遊びや田植え体験、有玉神社祭典の屋台引き廻し、有玉獅子舞見学、お茶会等、地域の人や自然、文化に触れる体験の場を大切にしています。","・「自分らしく輝き夢中になって遊ぶ子」と教育目標を掲げ、ありたまの頭文字をとって、あかるく、りりしく、たくましく、まいにち元気な有玉っ子を目指しています。
・「愛情と信頼関係」を基盤として、一人一人が自己発揮し、仲間の中で育ち合う保育を心がけています。
・「家庭・地域と共に育てる」という姿勢をもち、安全・安心な園づくりに努めています。","PTA役員
ボランティア活動","集団徒歩通園
保護者による個別送迎",PTA借用駐車場あり,"未就園児サークル（5～2月　月1回実施）
入園説明会（6月・7月・9月 全3回）
見学・参加出来る行事（運動会）","・自然に触れ外でのびのび遊べることや、花や野菜の栽培を通してやさしさが育つことがよいです。
・遊びが中心で自分で考えやろうとする気持ちが育ってきました。また、地域との触れ合いが多いので安心します。"
221309,A122210001112,静岡県,浜松市,浜松市立万斛幼稚園,ハママツイチリツマンゴクヨウチエン,4313111,東区,浜松市東区中郡町895,,34.768355,137.773603,(053)434-0049,mangoku-k@city.hamamatsu-szo.ed.jp,浜松市,90,3歳児,就学前まで,土・日・祝日・夏・冬・春休み,8:30,14:00,8:30,14:00,なし,,,,,なし,,保育料（1号認定）,"給食（外注昼食） 週3回 / 持参弁当 週2回
アレルギー対応：要相談
給食費 325円/食・360円/食（パン・牛乳）
","【毎月】
教材費 PTA会費 振興費 アルバム代（年中・年長）
1,000円～2,000円程度
【その他】
体操服 クラス帽子  かばん  防災用品  保育用品  遠足バス代",園庭が広く、園のシンボルである樹齢115年余の大くすのきがあります。また自然物も豊富で虫捕りや花摘みなどをして、のびのびと遊ぶことができます。温かな雰囲気の中で、主体的な遊びを通し、友達との関わり方や豊かな創造性が育まれる保育に努めています。 ,"・自己を発揮し、主体的な遊びを楽しむ中で、友達と関わる力や豊かな創造性を育みます。
・温かさのある幼稚園となるように教師と保護者、地域が連携し、体験の充実を図り、豊かな心を培います。","PTA役員
ボランティア活動","集団徒歩通園
保護者による個別送迎",あり,"未就園児サークル（年間10回）
入園説明・園内見学は随時受け付けます。※事前に電話連絡をお願いします。","小学生になる前に、思いっきり遊んで大きくなってほしいと願って可美幼稚園に入園しました。幼稚園に通った3年間で思った以上に、たくさんのことを学んで大きくなったなと感じています。「これを作りたい」「これができるようになりたい」と、子どもの希望を先生が手助けしてくれるように応援していてくれていたのがありがたかったです。
子どもが日々成長していく過程で、心配に思ったこともありますが、先生に通園の時などにお話することもできて、安心して幼稚園に送り出すことができました。同じ学年や、他学年のお母さんたちとも送り迎えで会う機会があるのでたくさんのお母さんたちと交流でき、子どもだけではなく、親も一緒に3年間の幼稚園生活を楽しめました。"
221309,A122210001121,静岡県,浜松市,浜松市立橋爪幼稚園,ハママツシリツハシヅメヨウチエン,4313115,東区,浜松市東区西ケ崎町1067,,34.773626,137.767503,(053)434-0329,hashizume-k@city.hamamatsu-szo.ed.jp,浜松市,140,3歳児,就学前まで,土・日・祝日・夏・冬・春休み,7:30,18:30,8:30,14:00,あり,7:30,18:30,7:30～8:30　100円14:00～16:30　200円、以後1時間ごと100円,長期休業中7:30～18:30,なし,,保育料（1号認定）,"給食（外注昼食） 週3回 / 持参弁当 週2回
アレルギー対応：要相談
給食費 325～350円/食 
","【毎月】
絵本代 PTA会費 教材費 活動費
1,000円～1,500円程度
【入園児】
体操服 かばん レインコート ヘルメット
15,000円程度
【その他】
クラス帽子 保育用品 保険料（進級時）
4,000円程度","園目標『大好きがいっぱい　心ときめく子』を願い、「できる　できる　きっとできる」を合言葉に一人一人を大切にした楽しい保育を目指しています。家族の絆や地域の方々の愛情に支えられ“うちの子よその子みな宝石（たから）橋爪幼稚園みな家族”の気持ちで子育てを応援しています。働くお母さんのサポート保育をしています。
","・学校教育法や子ども・子育て支援法、幼稚園教育要領を基に、県・市の重点を踏まえながら、地域と園児の実態に即した活力に満ち、心温まる保育に努める。
・一人一人の子供を、みんなでよりよく育てるという基本姿勢をもち、幼稚園・家庭・地域の方との連携を図りながら、地域に信頼され開かれた幼稚園づくりを目指す。
・教師としての情熱と強い使命感をもち、魅力あふれる教師、子供や保護者に信頼される教師となるよう日々研鑽をする。","PTA役員
ボランティア活動","集団徒歩通園
保護者による個別送迎","あり
PTA借用駐車場あり","未就園児プレクラス（こねこ、年間7回）
入園説明会（5・6月）
見学（要相談：電話で希望をお知らせください）","毎日の親子登園で先生と会えるので、園の様子やその日の体調など気になることをタイムリーに相談できます。
集団降園の中で、交通ルールが身に付きます。
PTA活動やサークル活動を通して、保護者同士が仲良くなり、子どもたちと一緒に園生活を楽しんでいます。"
221309,A122210001130,静岡県,浜松市,浜松市立和地幼稚園,ハママツシリツワジヨウチエン,4311115,西区,浜松市西区和地町1833-2,,34.763579,137.653292,(053)486-0056,waji-k@city.hamamatsu-szo.ed.jp,浜松市,40,3歳児,就学前まで,土・日・祝日・夏・冬・春休み,8:30,14:00,8:30,14:00,なし,,,,,なし,,保育料（1号認定）,"給食（外注昼食） 週3回 / 持参弁当 週2回
アレルギー対応：要相談
給食費 259円/食・341円/食 
","【毎月】
絵本代 PTA会費 教材費 行事費
1,000円～2,000円程度
【その他】
園服 クラス帽子  かばん  防災用品  保育用品  保険料","・園内や園周辺に豊かな自然があり、サクラやタケノコ、イチョウやモミジ、カニやカエル…四季折々の自然との関わりから、五感を通して感じる心を豊かにしています。
・近隣の老人施設や小中高等学校との交流があり、お年寄りや小中高校生、留学生などいろいろな人との触れ合いを楽しみながら、人と関わる力を育てています。
・園外にも積極的に出掛けて遊びに取り入れ、感動体験を積み重ねています。","＜園目標＞
自分大好き　友達大好き　遊び大好き
（重点目標）
元気いっぱい体を動かす子
自分で考えて行動する子
感じたことを表現する子","PTA役員
ボランティア活動",保護者による個別送迎,あり,"未就園児プレクラス（ちっちゃいこクラブ）
一日入園（11・1・2月）
入園説明会（6月頃）
見学・参加できる行事（運動会）",一年を通して田んぼや畑などで自然を体験できます。自分たちで育てたお米や野菜を調理して食べ、食の大切さを学ぶことができます。また、PTA活動では夏祭りなど大人も子どもも楽しめ、保護者同士の交流もできます。
221309,A122210001149,静岡県,浜松市,浜松市立北庄内幼稚園,ハママツシリツキタショウナイヨウチエン,4311209,西区,浜松市西区舘山寺町110-6,,34.761259,137.627383,(053)487-0553,kitashonai-k@city.hamamatsu-szo.ed.jp,浜松市,80,3歳児,就学前まで,土・日・祝日・夏・冬・春休み,8:30,14:00,8:30,14:00,なし,,,,,なし,,保育料（1号認定）,"給食（外注昼食） 週3回 / 持参弁当 週2回
アレルギー対応：要相談
給食費 258円～388円/食
","【毎月】
絵本代 PTA会費 教材費 集会費 アルバム代（年長）
2,000円～3,000円程度
【その他】
園服 クラス帽子  かばん  防災用品  保育用品  保険料",広い園庭、プール、畑があり、園から歩いて行ける所に動物園やフラワーパークがあります。地域の方のご厚意でイチゴ・サクランボ狩りを体験させていただいたり、サンビーチの海開きに参加したりなど楽しいことがいっぱいです。　また、発達支援の部屋があり、個々の特性・困り感に寄り添った保育をしています。,園目標に「心豊かに自分らしく輝く　おひさまっこ」を掲げ、ぐんぐん（体）・にこにこ（徳）・わくわく（知）を合言葉に心も体もたくましい子どもを育んでいます。園児を「おひさまっこ」と呼び、いつもキラキラ輝き、大きな夢をもってほしいと願いながら、家庭、地域と連携した誠実な幼稚園を目指しています。,"PTA役員
ボランティア活動
サークル活動","通園バス（一部の地域）
保護者による個別送迎","あり
PTA借用駐車場あり","未就園児プレクラス（いちご組、1日入園）
体験入園（6・9月）
入園説明会（1月）","・週1回駐車場の徒歩通園では、親子で一緒に歩いて登園することで、体力や交通マナーが身についたり、親子の触れ合いや季節を感じたりすることができる。
・お母さん同士が仲良くなれる。
・幼稚園の雰囲気が温かい。
・大人も子どももみんな仲良し。
・色々な体験をさせてくれるところが良い。"
221309,A122210001158,静岡県,浜松市,浜松市立村櫛幼稚園,ハママツイチリツムラクシヨウチエン,4311207,西区,浜松市西区村櫛町3195,,34.726245,137.591503,(053)489-2250,murakushi-k@city.hamamatsu-szo.ed.jp,浜松市,60,3歳児,就学前まで,土・日・祝日・夏・冬・春休み,8:30,14:00,8:40,14:00,なし,,,,,なし,,保育料（1号認定）,"給食（外注昼食） 週3回 / 持参弁当 週2回
アレルギー対応：要相談
給食費　年間約30,000円（配送料含む）
","【毎月】
絵本代 PTA会費 教材費 集会費等
1,300円程度
【入園時】
教材費
4,000円程度
【年間一括、その他】
園服 クラス帽子  かばん  防災用品  保育用品  保険料",村櫛幼稚園は、浜名湖や庄内半島の緑に囲まれた自然豊かな地域にあります。ザリガニ釣り、浜名湖体験、園の畑を利用した野菜栽培など自然を生かした活動をしています。また、地域とのつながりも深く、餅つき会、秋祭りの太鼓など、地域の方々に支えられた活動をしています。,"園目標「ともだちいっぱい　笑顔で遊ぶ子」
重点目標「げんきな子　なかよくする子　わくわくする子」
とし、豊かな自然と人の和を生かして、園目標・重点目標を目指して保育活動を進めています。","PTA役員
ボランティア活動",保護者による個別送迎,近隣駐車場あり,"未就園児プレクラス（ひよこクラブ）村櫛町自治会運営
入園説明会（12・2月）
見学、参加できる行事（運動会　生活発表会）",豊かな自然・温かい地域の中で、のびのびと遊んでいます。年少、年中、年長と「みんななかよし」です。是非、一度遊びに来てください。
221309,A122210001167,静岡県,浜松市,浜松市立伊佐見幼稚園,ハママツシリツイサケンヨウチエン,4311111,西区,浜松市西区伊左地町5,,34.744187,137.655717,(053)486-0076,isami-k@city.hamamatsu-szo.ed.jp,浜松市,50,3歳児,就学前まで,土・日・祝日・夏・冬・春休み,8:30,14:00,8:30,14:00,なし,,,,,なし,,保育料（1号認定）,"給食（外注昼食） 週3回 / 持参弁当 週2回
アレルギー対応：あり
給食費 637円/食 
","【毎月】
絵本代 PTA会費 アルバム代
4,000円程度
【その他】
園服 クラス帽子  かばん  保育用品  保険料",田畑、野山、川などに囲まれた緑あふれる豊かな自然を生かし、一年を通じて身近な自然に触れることを大切に、子どもたちの豊かな感性や好奇心を育てています。元気な歓声や明るい歌声の響く「愛情いっぱい、元気いっぱい、心つながる、みんなの伊佐見幼稚園」です。 ,"夢中になって遊ぶ子(しなやかでたくましい子を目指して）
・一人一人に応じた自立への援助
　基本的生活習慣、戸外遊び、異年齢交流、楽しい食事
・感動体験、直接体験、心の耕し
　園外散歩、出会いと発見、歌・絵本、お茶会・陶芸
・一人一人を受け止め、あたたかいクラスづくり
　挨拶、好きな遊び・自己発揮、協働性、遊びの振り返り
・家庭との連携
　親子で楽しい幼稚園、子育て相談、父親参加
・地域との連携
　幼・小・中・高交流、地域の自然・文化・人との触れ合い","PTA役員
ボランティア活動",保護者による個別送迎,あり,"未就園児サークル（さくらんぼ、1日入園 12・1月）
入園説明会（6月頃）
園庭開放
見学・参加出来る行事（運動会） ","・地域全体で幼稚園を大切にしてくれています。
・小学校と隣接しているので、交流する機会があります。"
221309,A122210001176,静岡県,浜松市,浜松市立神久呂幼稚園,ハママツイチリツカクロヨウチエン,4328005,西区,浜松市西区神ケ谷町7888,,34.726962,137.67068,(053)485-8548,kakuro-k@city.hamamatsu-szo.ed.jp,浜松市,80,3歳児,就学前まで,土・日・祝日・夏・冬・春休み,8:30,14:00,8:30,14:00,なし,,,,,なし,,保育料（1号認定）,"給食（外注昼食） 週4回 / 持参弁当 週1回
アレルギー対応：要相談
給食費 約3,200円/月 
","【毎月】
絵本代 PTA会費 教材費 アルバム代等
2,000円～3,000円程度
【その他】
園服 クラス帽子  かばん  防災用品  保育用品  保険料",園庭では、3学年が自然に交流し合いながら、一緒にのびのびと遊んでいます。広い園庭には、草花、野菜畑、めだかやおたまじゃくしがいるビオトープがあり、身近に四季の自然に触れられ、発見や疑問、感じる心など、豊かな感性をはぐくんでいけるようにしています。また、サッカー教室、煎茶教室、手形教室など地域の人たちの協力をいただきながら保育に取り入れています。季節によっては、筍掘りや茶摘み、なし狩りなども経験します。保育をいつでも参観することができます。温かい地域の中で、子どもも大人も笑顔いっぱいの幼稚園です。,「心豊かで　たくましい子」を園目標に『元気な子』『仲良くする子』『考える子』を目指す幼児像とし、保育を進めています。自然豊かで、温かい人柄の地域性を基盤に、一人ひとりの育ちに寄り添い、自然体験や感動体験をすることで、感性を育み、仲間との協同性を培っています。,"PTA役員
ボランティア活動
サークル活動",保護者による個別送迎,あり,"未就園児プレクラス（4/26、5/17、5/24、6/8、7/8、
9/15、10/21、11/18、12/9、1/27）
入園説明会（4～6月を予定、随時受付可能）
見学・参加出来る行事（運動会） ","花いっぱいの幼稚園。「おひさま」のような笑顔と歓声が溢れる元気いっぱいの子供たちが主役の幼稚園です。季節ごとにいろいろな体験を通して主体的で対話的な学びを育んでいます。
庄内学園や近隣の幼稚園、保育園との交流が盛んで、小学校へのスムーズな入学へも考えている園です。"
221309,A122210001354,静岡県,浜松市,浜松市立二俣幼稚園,ハママツイチリツフタマタヨウチエン,4313314,天竜区,浜松市天竜区二俣町二俣158-2,,34.865859,137.82122,(053)925-2077,futamata-k@city.hamamatsu-szo.ed.jp,浜松市,90,3歳児,就学前まで,土・日・祝日・夏・冬・春休み,8:30,14:00,8:45,14:00,なし,,,,,なし,,保育料（1号認定）,"給食 週5回アレルギー対応：あり
給食費 275円/食 3,870円/月
","【毎月】
絵本代 PTA会費 教材費
1,000円～2,000円程度
【その他】
園服 クラス帽子  かばん  防災用品  保育用品  保険料",幼稚園の西側には二俣川が流れ、園庭には多くの樹木が茂り、鳥のさえずりを聞きながら子供たちは園生活を楽しく過ごしています。近くには、天竜高校、図書館、美術館などの施設があり、教育環境に恵まれています。中学生や高校生との交流、美術館鑑賞、地域行事への参加、図書館利用なども行っています。,園目標「元気もりもり　友達だいすき　きらり輝く二幼っ子」を育てるための環境や援助の工夫に取り組んでいます。自分や友達のよさを受け入れ、遊びや様々な体験の中で自己実現し、自分らしく輝きながら生き生きと生活できる園を目指しています。,"PTA役員
ボランティア活動",保護者による個別送迎,あり,"入園説明会（1月頃）
見学・参加出来る行事（運動会）","子供たちは、幼稚園が大好きです。
園内にあるとんねるやま　ジャングルジムなどを使って楽しく遊び、夢がひろがります。園のまわりにも活動の場がいっぱいです。
また、家庭や地域から大きな支援を受け、充実した保育ができます。"
221309,A122210001363,静岡県,浜松市,浜松市立熊幼稚園,ハママツイチリツクマヨウチエン,4313641,天竜区,浜松市天竜区熊2153,,34.959691,137.732981,(053)929-0133,kuma-k@city.hamamatsu-szo.ed.jp,浜松市,10,3歳児,就学前まで,土・日・祝日・夏・冬・春休み,8:30,14:00,8:30,14:00,なし,,,,,なし,,保育料（1号認定）,"給食 週5回
アレルギー対応：要相談
給食費 275円/食 3,870円/月
","【毎月】
PTA会費 教材費
4,000円～5,000円程度
【その他】
クラス帽子  かばん  防災用品  保育用品  保険料",園児数6名の小規模園です。保育室は熊小学校内にあり、小学生や隣接するデイサービスセンターのお年寄りとの交流を深めています。また、山や川などの豊かな自然に囲まれ、四季折々の草花や生き物と触れ合いながら生活しています。 ,"【園教育目標】「ゆめいっぱい　げんきいっぱい　おはなしいっぱい　くんまっこ」
・「くんま」（熊の地域）のすばらしい環境や文化を積極的に活用した教育活動を行います。
・子ども一人一人の成長につながる幼稚園と小学校の連携を重視した教育活動を展開します。","PTA役員
ボランティア活動",保護者による個別送迎,近隣駐車場あり,"未就園児プレクラス（ひよこの日6 ～3月頃、月1～2回実施）
入園説明会（2月）
見学・参加出来る行事（運動会）",姫様道中で知られる都田川堤の桜並木が目の前にある風光明媚な園です。きれいな花壇に広い園庭、夏にはカニが遊びに来ます。PTAクラブも盛んで子どもたちのためにお手伝いをしています。教育、情緒、遊び、運動とバランスのとれた活動をし、思いやりと笑顔いっぱいの最高の幼稚園です。
221309,A122210001372,静岡県,浜松市,浜松市立光明幼稚園,ハママツイチリツコウミョウヨウチエン,4313303,天竜区,浜松市天竜区山東2314,,34.879658,137.829387,(053)925-2514,koumyou-k@city.hamamatsu-szo.ed.jp,浜松市,120,3歳児,就学前まで,土・日・祝日・夏・冬・春休み,7:30,18:30,8:50,14:00,あり,7:30,18:30,7:30～開園　100円　降園～16:30まで　200円　以後1時間ごと100円,長期休業中7:30～18:30（実施除外期間あり）,なし,,保育料（1号認定）,"給食 週5回アレルギー対応：あり
給食費 275円/食 3,870円/月
","【毎月】
絵本代 PTA会費 教材費
1,000円～2,000円程度
【その他】
クラス帽子  かばん  防災用品  保育用品  保険料",周辺には神社や公園があり、自然環境と教育環境に恵まれています。台風により倒木した園庭の「槇の木」は、故本田宗一郎氏が尋常小学校の頃、遊んだと伝えられています。,"１．健康な体づくり
２．「遊びと生活」を通しての「学び」を大切にした保育の
推進（思考力の芽生え）
３．「心」を育む保育の推進（道徳性の芽生え・規範意識の芽生え）
４．地域や保護者に愛される温かな幼稚園づくり
５．子育て支援の充実","PTA役員
ボランティア活動",保護者による個別送迎,あり,"未就園児プレクラス（お楽しみ幼稚園、年7回実施）
入園説明会（1月）
見学・参加出来る行事（運動会）","泥んこ山、大きなプール、子供たちが思い切り遊べる幼稚園です。親には逞しく育つ姿を実感できる幼稚園です。
個々の家庭環境にも先生方は気持ちを込めて対応してくれることは大変ありがたいことです。仕事もしたいし、我が子の成長も見届けたいという欲張りなご家族にとっては、ぴったりな幼稚園です。"
221309,A122210001381,静岡県,浜松市,浜松市立竜川幼稚園,ハママツシリツタツカワヨウチエン,4313764,天竜区,浜松市天竜区横山町547,,34.942824,137.817069,(053)923-0735,tatsukawa-k@city.hamamatsu-szo.ed.jp,浜松市,10,3歳児,就学前まで,土・日・祝日・夏・冬・春休み,8:30,14:00,8:50,14:00,なし,,,,,なし,,保育料（1号認定）,"給食 週5回
アレルギー対応：要相談
給食費 275円/食 3,870円/月
※給食費の無償化対象について
https://www.hamamatsu-pippi.net/docs/2019082600198/","【毎月】
絵本代 PTA会費 教材費
4,000円～5,000円程度
【その他】
クラス帽子  かばん  防災用品  保育用品  保険料",,,,,,,地域、保護者のつながりを大事にしている温かい幼稚園、また、保護者も楽しみながら、保育活動の協力をすることで、何でも相談できる仲間ができ、子どもの育ちを何時でも見ることができる解放的な幼稚園です。
221309,A122210001390,静岡県,浜松市,浜松市立上阿多古幼稚園,ハママツイチリツウエアタゴヨウチエン,4313532,天竜区,浜松市天竜区西藤平1266-1,,34.911903,137.763814,(053)928-0030,kamiatago-k@city.hamamatsu-szo.ed.jp,浜松市,30,3歳児,就学前まで,土・日・祝日・夏・冬・春休み,8:30,14:00,8:40,14:00,なし,,,,,なし,,保育料（1号認定）,"給食 週5回
アレルギー対応：要相談
給食費 275円/食 3,870円/月
","【毎月】
絵本代 PTA会費 教材費 
1,000円～2,000円程度
【その他】
体操服 クラス帽子 かばん 防災用品 保育用品 保険料 ",小規模園の特色を生かし、近隣の小学校や幼稚園との交流を計画的に行っている。自然に触れたり、地域の人との触れ合いを大切にし、上阿多古のみんなで園児を見守り育てていきたいと願っている。,"教育目標　「遊ぶの大好き心豊かな子」
重点目標　「元気いっぱい」「やさしさいっぱい」
日々の遊びの体験や経験の中で大好きなことを増やし、自信をもって行動できる子が育つよう保育をしている。","PTA役員
ボランティア活動
サークル活動",保護者による個別送迎,あり,"未就園児プレクラス（年8回）
入園説明会（1月）
見学・参加出来る行事（運動会） ",子どもは毎日楽しみに幼稚園へ通っていて、親として安心して幼稚園に送り出すことができています。行事などの参加を通して子どもの成長している様子がよくわかります。
221309,A122210001407,静岡県,浜松市,浜松市立下阿多古幼稚園,ハママツイチリツシモアタゴヨウチエン,4313426,天竜区,浜松市天竜区両島762,,34.882291,137.791481,(053)925-6755,shimoatago-k@city.hamamatsu-szo.ed.jp,浜松市,30,3歳児,就学前まで,土・日・祝日・夏・冬・春休み,8:30,14:00,8:40,14:00,なし,,,,,なし,,保育料（1号認定）,"給食 週5回
アレルギー対応：要相談
給食費 275円/食 3,870円/月
","【毎月】
絵本代 PTA会費 教材費 
1,000円～2,000円程度
【その他】
クラス帽子  かばん  防災用品  保育用品  保険料
","少人数のよさを生かし、異年齢・同年齢の子がともに育ち合える教育。
下阿多古のひと・もの・こと　との関わりを生かした体験活動。
幼小連携、熊幼稚園・上阿多古幼稚園・下阿多古幼稚園の３園の交流保育。","【園目標】心も体もたくましく　ほほえみ　あふれる　あゆっこ
【重点目標】・たくましい子　・やさしい子　・夢中になって遊ぶ子","PTA役員
ボランティア活動",保護者による個別送迎,あり,"未就園児プレクラス（年9回程度実施）
入園説明会（1月頃）
見学・参加出来る行事（運動会・豆まき会）",親子共に初めての幼稚園は、不安と期待でいっぱいでしたが、先生や友達とたくさんの遊びを経験し、休日でも「幼稚園に行きたい！」と言うほど幼稚園大好きになりました。ＰＴＡ活動は主体的で、子育て支援をし合う保護者の交流の場、心がつながる出会いの場です。
221309,A122210001416,静岡県,浜松市,浜松市立中瀬幼稚園,ハママツシリツナカセヨウチエン,4340012,浜北区,浜松市浜北区中瀬3531,,34.824967,137.812128,(053)588-7375,nakaze-k@city.hamamatsu-szo.ed.jp,浜松市,180,3歳児,就学前まで,土・日・祝日・夏・冬・春休み,7:30,18:30,8:50,14:30,あり,7:30,18:30,730～開園　100円　降園～16:30まで150円　以後1時間ごと100円,長期休業中7:30～18:30（実施除外期間あり）,なし,,保育料（1号認定）,"給食（外注昼食） 週3回 / 持参弁当 週2回
アレルギー対応：あり
給食費 270円/食・354円/食 
","【毎月】
絵本代 PTA会費 教材費 諸費（保育活動費）
4,000円～5,000円程度
【その他】
園服 クラス帽子  かばん  防災用品  保育用品  保険料","・緑に囲まれた広い園庭で、子供たちは伸び伸びと遊んでいます。隣接する“みどりの広場”では、野菜づくりや虫探し等四季折々の遊びや活動を楽しんでいます。
・発達支援保育を行っています。一人一人の個性や困り感に合わせ、子供たちが互いに育ち合っていくことができる関係作りを大切にしています。
・預かり保育を実施しています。家庭的な雰囲気の中で、異年齢のふれ合いを大切にしています。
・地域の人材や環境を積極的に取り入れ、公共施設やいろいろな方々との関わりを大切にしています。 ","教育目標『大好きいっぱい　なかぜの子』
心豊かで思いやりのある子、明るく元気よく活動する子、自分で考えて行動する子を目指して育てていきます。","PTA役員
ボランティア活動",集団徒歩通園,あり,"未就園児学級「めだか組」（年10回程度実施）
入園説明会（1月下旬）
見学・参加出来る行事（運動会・幼稚園公開日） ",子どもたちが伸び伸びと楽しい園生活を過ごしています。
221309,A122210001425,静岡県,浜松市,浜松市立赤佐幼稚園,ハママツイチリツアカタスクヨウチエン,4340015,浜北区,浜松市浜北区於呂3524-68,,34.84032,137.800876,(053)588-7591,akasa-k@city.hamamatsu-szo.ed.jp,浜松市,80,3歳児,就学前まで,土・日・祝日・夏・冬・春休み,7:30,18:30,8:50,14:30,あり,7:30,18:30,7:30開演　100円　降園～16:30まで150円　以後1時間ごと100円,長期休業中7:30～18:30（実施除外期間あり）,なし,,保育料（1号認定）,"給食（外注昼食） 週3回 / 持参弁当 週2回
アレルギー対応：要相談
給食費 250円/食・345円/食  約3,000円/月
","【毎月】
絵本代 PTA会費 教材費
1,000円～2,000円程度
【その他】
クラス帽子  かばん  防災用品  保育用品  保険料",隣接している於呂神社の木々に囲まれ、自然豊かな広い園庭で、伸び伸びと生活をしています。保護者や地域の方々の温かな支援のもと、季節ごとの実体験や触れ合いを重ねています。各学年単学級という小規模の良さを活かし、異年齢の交流も多く取り入れています。,"園目標は『心も体も元気な赤佐っ子』です。
「やってみよう」「つたえあおう」「かかわろう」の三本の柱を重点目標に、子供自らが取り組む実体験をとおし、一人一人が自分らしさを発揮し、明るく元気に生活できるようにしています。","PTA役員
ボランティア活動
サークル活動","集団徒歩通園
保護者による個別送迎",あり,"未就園児プレクラス（年10回）
入園説明会（1月頃）
見学・参加出来る行事（ひまわりまつり・運動会・幼稚園公開日） ",小規模園の良さを生かし、先生方が園児一人一人を良く見てくれるとても温かい園です。きめ細やかな配慮があり、安心して子どもを任せることができます。子どもたちものびのびしており、保護者と先生との連携もスムーズに取れ子どもも保護者も楽しく過ごせる園です。
221309,A122210001434,静岡県,浜松市,浜松市立北浜東幼稚園,ハママツシリツキタハマアズマヨウチエン,4340025,浜北区,浜松市浜北区善地1546,,34.791668,137.810063,(053)586-2001,kitahamahigashi-k@city.hamamatsu-szo.ed.jp,浜松市,80,3歳児,就学前まで,土・日・祝日・夏・冬・春休み,8:50,14:30,8:50,14:30,なし,,,,,なし,,保育料（1号認定）,"給食（外注昼食） 週2回 / 持参弁当 週3回
アレルギー対応：要相談
給食費 270円/食
","【毎月】
絵本代 PTA会費 保育活動費
1,000円～2,000円程度
【その他】
クラス帽子  かばん  防災用品  保育用品  保険料","親子体験教室（竹馬づくり・製作遊び）、観劇、焼き芋会など心の育ちを大切にした活動を行っています。
小学校と隣接しているため、学年ごとに交流を行っています。
地域の方の畑での野菜つくり、収穫体験、保護者ボランティアとの関りが充実しています。","・遊びを中心とした生活の中で、子供自らの興味・関心に基づいて主体的に環境に関わることができるよう、『好きな遊びの時間』を重視すると共に、子供が主体的に関わり、発見や試行錯誤する体験を重ねていけるような環境や援助の工夫をし、浜松市幼児教育の指針である「幼児期に育てたい力」の育成に努めます。
・ 子供一人一人の実態を把握し、　個々の興味や心の動きを捉えた内面を理解し、その子にあった適切な指導を行います。
・保護者、地域、中学校区との連携による保育の充実を目指します。","PTA役員
ボランティア活動","集団徒歩通園
保護者による個別送迎",あり,"未就園児プレクラス（ひよこ学級6～2月、年10回実施）
入園説明会（1月）
園庭開放（随時）",「大崎幼稚園でよかった」私たちがいつも言う言葉です。特に外遊びは思いっきりします。春は泥んこ遊び、夏のプール、冬はマラソンや体力作り、年間を通して子どもたちはどんどん逞しくなっていきます。先生と日々の子どもの様子を話す機会があるので、園でのことがよくわかり、気軽に相談ができます。異年齢児のかかわり、近隣の園や学校との交流会も取り入れてくださり、スケールの大きな活動もしています。大崎幼稚園には自然の中で逞しく心豊かに育っている園児が通っています。私たちの自慢の幼稚園です。
221309,A122210001443,静岡県,浜松市,浜松市立北浜南幼稚園,ハママツシリツキタハマミナミヨウチエン,4340035,浜北区,浜松市浜北区寺島2436-3,,34.78046,137.793261,(053)586-2993,kitahamaminami-k@city.hamamatsu-szo.ed.jp,浜松市,120,3歳児,就学前まで,土・日・祝日・夏・冬・春休み,8:50,14:30,8:50,14:30,なし,,,,,なし,,保育料（1号認定）,"給食（外注昼食） 週2回 / 持参弁当 週3回
アレルギー対応：あり
給食費 341円/食
","【毎月】
絵本代 PTA会費 教材費
1,000円～2,000円程度
【その他】
園服 クラス帽子  かばん  防災用品  保育用品  保険料","・一人一人が自分の思いや気持ちを素直に表現できるように支援や指導をして、子供の育ちを支えています。
・いろいろなものや自然と触れ合う直接体験を大切にし、子供たちと一緒に共感し、豊かな心を育てています。
・保護者や地域の人々に信頼され、地域に根差した幼稚園を目指しています。","教育目標　「元気な子」
重点目標　力いっぱい遊ぶ子・考えて行動する子・思いやりのある子を目指して育てています。","PTA役員
ボランティア活動","集団徒歩通園
保護者による個別送迎",なし,"未就園児プレクラス（たんぽぽ学級 6月から年10回）
入園説明会（12月～2月）
見学・参加出来る行事（PTA夏祭り、運動会等）","園外に出掛けたり、行事に合わせて様々な体験ができたりと楽しいことがたくさんあって良いと思います。
田植え、稲刈り、バター作り、豚汁作り、お茶会など、多様な体験をさせて頂いています
日々の遊びが学びにつながっていると分かりました。幼稚園ってすごいなと思いました。"
221309,A122210001452,静岡県,浜松市,浜松市立北浜中央幼稚園,ハママツシリツキタハマチュウオウヨウチエン,4340033,浜北区,浜松市浜北区西美薗1624-1,,34.801145,137.799199,(053)586-2992,kitahamachuo-k@city.hamamatsu-szo.ed.jp,浜松市,120,3歳児,就学前まで,土・日・祝日・夏・冬・春休み,8:50,14:30,8:50,14:30,なし,,,,,なし,,保育料（1号認定）,"給食（外注昼食） 週3回 / 持参弁当 週2回
アレルギー対応：あり
給食費 260円/食・334円/食 
","【毎月】
絵本代 PTA会費 保育活動費 
1,000円～2,000円程度
【その他】
クラス帽子 かばん 防災用品 保育用品 保険料 ","・一人一人の思いを受け入れ添うことで信頼を深め、個に応じた指導をするとともに、友達と一緒に遊び、言葉を交わし、助け合ったり考え合ったりする姿を見守り、共に育ち合えるようにしています。
・直接体験（泥遊び、野菜づくりなど）を大切にし、豊かな心を育てています。
・近隣の幼稚園や小中学校と交流し、12年間の子どもの育ちのつながりを大切にしています。
・地域の環境や人材を取り入れ、触れ合いを大事にしています。","教育目標：夢をもち「自分も友達も大切にする子」
具体的な子供の姿：「かがやく」「つながる」「つくりだす」
","PTA役員
ボランティア活動","集団徒歩通園
保護者による個別送迎",あり,"未就園児プレクラス（6・7・9～12・1・2月頃）
入園説明会（1月頃）
見学・参加出来る行事（祭り・バザー） ","大自然の中に幼稚園があります。広い園庭、大きなプール、きれいな花壇、給食、預かり保育があり、のびのび生き生きと遊べる幼稚園です。一人一人に目が行き届き、個々に寄り添った丁寧な保育で、遊びや様々な体験を通して、子供の力を発揮させてくれます。
PTA活動は、親の負担にならないように、サークル活動などは参加者をその都度募っています。都合の良い時に参加できて、親同士の交流も深まります。"
221309,A122210001461,静岡県,浜松市,浜松市立北浜北幼稚園,ハママツシリツキタハマキタヨウチエン,4340031,浜北区,浜松市浜北区小林1522-2,,34.810384,137.791758,(053)586-2092,kitahamakita-k@city.hamamatsu-szo.ed.jp,浜松市,40,3歳児,就学前まで,土・日・祝日・夏・冬・春休み,8:50,14:30,8:50,14:30,なし,,,,,なし,,保育料（1号認定）,"給食（外注昼食） 週2回 / 持参弁当 週3回
アレルギー対応：要相談
給食費 250円/食・324円/食（牛乳代込） 
","【毎月】
絵本代 PTA会費 保育活動費
1,500円程度
【入園時】
園服 かばん 保育用品代等
12,000円程度
【その他】
園服 クラス帽子 保育用品 保険料 写真代",遠州鉄道小林駅から徒歩10分の所にあり、大きな2本のタイサンボクの木を始め、伸び伸びと遊べる広い園庭や大きな築山など、豊かな自然に囲まれている幼稚園です。地域の方々に、絵本の読み聞かせや野菜作りを教えていただくなど、人との触れ合いを大切にしています。自然や人の温もりをいっぱい感じられる温かい幼稚園です。,"子供はもちろん、保護者や教師が共に育ち合う楽しい幼稚園を目指しています。
『夢あふれる　笑顔いっぱい　元気な子』を園目標に、個を大切にし、その子に応じた支援を行っています。家庭と連携した基本的な生活習慣の確立や、身近な自然に関わり、直接体験や感動体験を通して自ら遊びに取り組む意欲を育てています。","PTA役員
ボランティア活動",集団徒歩通園,あり,"未就園児プレクラス（年10回）
入園説明会（1月頃）
見学・参加可能な行事（運動会、季節に応じた遊び、ミニ発表会、豆まき会） ",自然豊かで、文化資源にも恵まれ、子どもが心豊かに育っていける環境です。小規模園で園全体がアットホームな雰囲気に包まれ子どもが安心して園生活を送れています。地域の方や保護者は、園の活動に協力的で保護者のボランティア活動では、保護者同士の交流の場になっています。
221309,A122210001470,静岡県,浜松市,浜松市立平口幼稚園,ハママツシリツヒラグチヨウチエン,4340041,浜北区,浜松市浜北区平口2583,,34.793855,137.767287,(053)586-2463,hirakuchi-k@city.hamamatsu-szo.ed.jp,浜松市,60,3歳児,就学前まで,土・日・祝日・夏・冬・春休み,8:50,14:30,8:50,14:30,なし,,,,,なし,,保育料（1号認定）,"給食（外注昼食） 週3回 / 持参弁当 週2回
アレルギー対応：要相談
給食費 240円～358円/食
","【毎月】
絵本代 PTA会費 教材費 アルバム代
1,000円～2,000円程度
【その他】
園服 クラス帽子  かばん  防災用品  保育用品  保険料","・少人数の良さを活かし、子ども一人一人を丁寧に見ることが出来る良さがある。
・地域の自然を活かした保育をしている。
・地域の方の協力を得て、畑での栽培、収穫などが出来、季節に応じた体験が出来る。また、和菓子作りやピアノ演奏など地域の方が行ってくださり、感性豊かな子を育成している。","＜基本方針＞
・学校教育法・教育要領及び県・市の重点に基づき、園経営に努める。
・幼児の健やかな発達を願い、園・家庭・地域と連携した開かれた園づくりをめざす。
・子どもや保護者に信頼される教師となるように、日々、専門的知識習得の研修に努める。
＜教育課題＞
・自ら判断し、行動する子を育てる。
・自然・生活・人との交流などの感動体験を通し、思いを表現できる子を育てる。
・地域を愛し、地域の人に感謝の気持ちのもてる子を育てる。
・基本的な生活習慣を身に付け、自分のことが自分でできる子を育てる。
","PTA役員
ボランティア活動","集団徒歩通園
保護者による個別送迎",あり,"未就園児プレクラス（6月～2月、年間10回実施）
入園説明会（2月頃）
見学・参加出来る行事（夏祭り、運動会、幼稚園公開）",伊平幼稚園でしかできないこと、少ない人数だからこそできることを大切にした、子どもたちが楽しいと思える幼稚園です。
221309,A122210001489,静岡県,浜松市,浜松市立小松幼稚園,ハママツシリツコマツヨウチエン,4340042,浜北区,浜松市浜北区小松2400,,34.788791,137.77183,(053)586-2002,komatsu-k@city.hamamatsu-szo.ed.jp,浜松市,110,3歳児,就学前まで,土・日・祝日・夏・冬・春休み,8:50,14:30,8:50,14:30,なし,,,,,なし,,保育料（1号認定）,"給食（外注昼食） 週3回 / 持参弁当 週2回
アレルギー対応：要相談
給食費 250円/食・348円/食
","【毎月】
絵本代 PTA会費 教材費 振込手数料
1,000円～2,000円程度
【その他】
体操服 クラス帽子  かばん  防災用品  保育用品  保険料  写真代 遠足代
","・小松幼稚園は、栴檀をはじめ、いろいろな木々に囲まれ、四季折々の花が花壇を埋め尽くす自然豊かな幼稚園です。
・遊びを中心とした保育で、生きる力の素地を育みます。また、国際色も豊かで、『みんなちがって　みんないい』の人とのかかわりを大切にしています。","“園目標”　＜心豊かな子＞
「思いやりと意欲を育み、みんながつながる笑顔いっぱいの幼稚園」を目指して、
・愛情と信頼関係を基盤に一人ひとりの子どもの良さを大切にし、安心して自己発揮できるようにします。
・恵まれた自然環境や地域、保護者、小学校、近隣の園と連携して保育を進めます。
・心身の発達を促す魅力ある環境を工夫します。",PTA役員,"集団徒歩通園
保護者による個別送迎",あり,"未就園児プレクラス（年10回）
*新型コロナウイルスの感染拡大によっては、変更があります。
入園説明会（2月頃）
園庭開放
",子どもたちは通常の園活動の中で春や秋を見つける散歩に出かけたり、田んぼでどろんこ遊び、田植え、稲刈りなど四季折々の自然の変化を楽しんでいます。園児数が少ないので一人一人の個性が生かされ、お互いを認め合う環境づくりができています。隣接する引佐北部小中学校の児童や生徒との交流も盛んで、小学校への移行にも心配はありません。幼児期に経験させておきたいと思う多くのことが可能で、山里にある小規模園の良さを存分に生かした教育をしていただいています。
221309,A122210001498,静岡県,浜松市,浜松市立新原幼稚園,ハママツシリツニイハラヨウチエン,4340003,浜北区,浜松市浜北区新原2315,,34.817031,137.781626,(053)589-8413,shinpara-k@city.hamamatsu-szo.ed.jp,浜松市,90,3歳児,就学前まで,土・日・祝日・夏・冬・春休み,8:50,14:30,8:50,14:30,なし,,,,,なし,,保育料（1号認定）,"給食（外注昼食） 週3回 / 持参弁当 週2回
アレルギー対応：要相談
給食費250円/食・318円/食 約2,500円/月 
","【毎月】
絵本代 PTA会費 教材費
1,000円～2,000円程度
【その他】
園服 クラス帽子  かばん  防災用品  保育用品  保険料","・地域の方と触れ合いながらの保育（園外保育の充実）
・中学校校区の連携（保・幼・小・中との交流）
・園と家庭が連携した子育て（子ども・親・教師が共に成長していく）","園目標「生き生き遊ぼうふたばっこ」
友達との遊びや生活の関わりの中で、互いのよさや違いに気付き相手を受け入れる協調性や思いやりの気持ちをもち、自己を表現できる子の育成を目標に全力で遊べる場や異年齢児での活動時間を大切にしていきます。また、子供の発達に合せた基本的生活習慣の指導や食育に関する活動を深め、子供たちの健康な心と体づくりを目指します。 
","PTA役員
ボランティア活動
サークル活動","集団徒歩通園
保護者による個別送迎",あり,"未就園児プレクラス（うさぎ組、年7回程度実施）
入園説明会（2月）
見学・参加出来る行事（運動会） ","豊かな自然の中で、毎日子どもたちの笑顔があふれています。先生や地域の方に支えられ心も体もたくましく、優しい子どもに育つ幼稚園です。
子どもも保護者も仲が良く、とても温かい場所です。"
221309,A122210001504,静岡県,浜松市,浜松市立宮口幼稚園,ハママツシリツミヤグチヨウチエン,4340004,浜北区,浜松市浜北区宮口1526-1,,34.824537,137.771117,(053)589-8552,miyaguchi-k@city.hamamatsu-szo.ed.jp,浜松市,100,3歳児,就学前まで,土・日・祝日・夏・冬・春休み,7:30,18:30,8:50,14:30,あり,7:30,18:30,7:30～開園　100円　降園～16:30まで　150円　以後1時間ごと100円,長期休業中7:30～18:30（実施除外期間あり）,なし,,保育料（1号認定）,"給食（外注昼食） 週3回 / 持参弁当 週2回
アレルギー対応：要相談
給食費 330円/食・348円/食
","【毎月】
絵本代 PTA会費 教材費
1,000円～1,500円程度
【その他】
園服 クラス帽子  かばん  防災用品  保育用品  保険料  写真代","・どろんこ遊びやたけのこ掘り・みかん狩りなど、園内外の豊かな自然を保育に取り入れたり、地域の方の御協力をいただいたりして、直接体験や感動体験ができる保育活動を進めています。
・主体的に関わる遊びを大切にし、その中で「考え工夫する力」や「友達と関わる力」、「自己発揮する力」を育む保育に努めています。
・温かな雰囲気を大切にし、子どもたちが健やかに成長できるように、家庭・地域と連携を図りながら保育を進めています。","教育目標「生き生きと遊ぶ子」
重点目標「元気な子」「思いやりのある子」「考え工夫する子」
・幼児が主体的に環境に関わる中での直接体験や感動体験を大切にし、豊かな心情や意欲を育む保育に努める。
・一人一人の良さを引き出し、仲間と育ち合える保育に努める。
・家庭や地域との連携を図り、温かさのある開かれた園づくりを推進する。","PTA役員
ボランティア活動","通園バス（一部の地域）
集団徒歩通園
保護者による個別送迎",あり,"未就園児プレクラス（りす組 6～2月、年9回実施）
入園説明会（2月上旬）
見学・参加出来る行事（運動会、秋の幼稚園公開日） ",・『元気いっぱい』『にこにこ笑顔』『心わくわく』をキーワードに職員一同、保育に取り組んでいます。
221309,A122210001513,静岡県,浜松市,浜松市立赤佐西幼稚園,ハママツイチリツアカサニシヨウチエン,4340015,浜北区,浜松市浜北区於呂2235,,34.831696,137.792189,(053)588-1013,akasanishi-k@city.hamamatsu-szo.ed.jp,浜松市,80,3歳児,就学前まで,土・日・祝日・夏・冬・春休み,8:50,14:30,8:50,14:30,なし,,,,,なし,,保育料（1号認定）,"給食（外注昼食） 週2回 / 持参弁当 週3回
アレルギー対応：要相談
給食費 280円/食・210円/食
","【毎月】
絵本代 PTA会費 教材費
1,000円～2,000円程度
【その他】
園服 クラス帽子  かばん  防災用品  保育用品  保険料","「つながりいっぱい」をキーワードに、開かれた園づくりを目指し、家庭とのつながり・地域とのつながり・自然とのつながり・友達同士のつながりを大切にしています。
また、小学校教育との円滑な接続を目指し、中学校区のつながりにも力を入れ、ずっと先を見据えた子どもの育ちを大切にしています。","子ども一人一人の発達や課題に応じた保育に努め、子どもが安心して生活を送り、幼稚園生活を楽しむことができるような園づくりをしていきます。
地域に密着した園であることに感謝し、園児や保護者、地域の実態に即した教育を大切にしていきます。
子どもたちが、多種多様な動きを獲得できるように、また、体を動かす楽しさを知ってもらえるように、環境や活動の提案をしていきます。","PTA役員
ボランティア活動
サークル活動","集団徒歩通園
保護者による個別送迎",あり,"未就園児プレクラス（月1回実施）
入園説明会（2月頃）
見学・参加出来る行事（にしっこまつり・運動会・幼稚園公開）","年少時は毎日泣いて幼稚園に行っていましたが、幼稚園が楽しみな年中児へと成長し感謝しています。
幼稚園の遊びには体を動かす楽しさ、きまりを守る、友達を助ける、協力するなどの工夫があります。異年齢交流では年長さんの行動を見て感じ、目標にできます。今年は年長組です。みんなの目標になり頑張る姿を楽しみにしています。"
221309,A122210001522,静岡県,浜松市,浜松市立上島幼稚園,ハママツシリツカミシマヨウチエン,4340011,浜北区,浜松市浜北区上島217,,34.847267,137.817187,(053)583-2709,kamijima-k@city.hamamatsu-szo.ed.jp,浜松市,30,3歳児,就学前まで,土・日・祝日・夏・冬・春休み,7:30,18:30,8:50,14:30,あり,7:30,18:30,7:30～開園　100円降園～16:30まで　150円　以後1時間ごと100円,長期休業中7:30～18:30（実施除外期間あり）,なし,,保育料（1号認定）,"給食（外注昼食） 週2回 / 持参弁当 週3回
アレルギー対応：要相談
給食費 200円/食・348円/食  約1,700円/月
","【毎月】
絵本代 PTA会費 教材費
1,000円～2,000円程度
【その他】
園服 クラス帽子  かばん  防災用品  保育用品  保険料  遠足代",1クラス10人前後、3クラスの小規模園です。広い園庭には、保護者の方が作ってくださった泥んこ川・わんぱく滑り台・ツリーハウス等があり、体ごと思いっきり遊んでいます。また、四季折々の地域の自然に触れたり、地域の方のご厚意により、とうもろこし狩りや夏みかん狩り、どんぐり拾い等の体験を重ね、五感を大いに使って楽しんでいます。,"教育目標「豊かな心をもった元気な子」
園目標「夢中になって遊ぶ子」「人と人とのかかわりを喜ぶ子」「心を動かして遊ぶ子」を目指して、少人数保育のよさを十分生かし、一人一人ときちんと向き合い、丁寧な保育を心がけています。そして、教師と子どもと地域の方・子ども同士・教師と保護者、人と人とのつながりを大切にしています。","PTA役員
ボランティア活動","集団徒歩通園
保護者による個別送迎",あり,"未就園児プレクラス（6月～3月、年10回実施）
入園説明会（1月）
園庭開放（一年中）
見学・参加出来る行事（運動会・夏祭り・バザー・幼稚園公開）","地域の方の協力や支えが大きく、幼稚園を盛り上げてくれています。
少人数で先生の目が行き届き、学年問わず子どもも保護者も仲良しの幼稚園です。"
221309,A122210001531,静岡県,浜松市,浜松市立内野幼稚園,ハママツシリツウチノヨウチエン,4340044,浜北区,浜松市浜北区内野1648-1,,34.783317,137.756397,(053)586-4777,uchino-k@city.hamamatsu-szo.ed.jp,浜松市,150,3歳児,就学前まで,土・日・祝日・夏・冬・春休み,8:50,14:30,8:50,14:30,なし,,,,,なし,,保育料（1号認定）,"給食（外注昼食） 週3回 / 持参弁当 週2回
アレルギー対応：あり
給食費 3,000円/月
","【毎月】
絵本代 PTA会費 保育活動費 
1,000円～2,000円程度
【その他】
園服 クラス帽子  かばん  防災頭巾  保育用品  保険料  遠足代 写真代
","子どもをつなぐ
【友達と一緒に遊ぶ中で、遊ぶ意欲と思いやりのある豊かな心を育てます。】
家庭とつながる
【家庭との連携の中で、基本的な生活習慣の定着を図ります。】
地域とつながる
【地域の自然や人とのふれあいを通して地域を愛する子を育てます。】
※昨年度に引き続き、以下の3つに力を入れていきます。
（1）異年齢交流
（2）リズム遊び
（3）内野小学校との交流","教育目標　　『友達と楽しく遊ぶ　思いやりのある子』
具体目標　　○元気な子　◎やさしい子　○表現する子","PTA役員
ボランティア活動","集団徒歩通園
保護者による個別送迎",あり,"未就園児プレクラス（年10回程度）
入園説明会（1月頃）
見学・参加出来る行事（夏祭り、運動会、公開日） 
園庭開放（随時）","・自然に触れ、遊びを通して成長する環境作りにより、息子は入園前に比べ、心も体も大変成長することが出来ました。また、担任の先生にお会いすれば園での様子をお話いただけたこと、それが成長のどの過程であるかを教えていただけたことは、不安の多い母親にはとても有難いご指導でした。
・入園より気持ちは変わらず、平口幼稚園に入園できて満足しています。平口幼稚園の園の方針や教職員の皆さんの子どもとのかかわり方、保護者とのかかわり方、すごくいいなと思っています。
・一年の中で様々な行事を体験させていただくことが出来、季節を存分に感じる事が出来ました。
・子どもの発達段階に応じて、目標などを決め、指導してもらっていることが良くわかります。"
221309,A122210001602,静岡県,浜松市,浜松市立犬居幼稚園,ハママツイチリツケンキョヨウチエン,4370625,天竜区,浜松市天竜区春野町堀之内989-1,,34.958816,137.898058,(053)985-0821,inui-k@city.hamamatsu-szo.ed.jp,浜松市,20,3歳児,就学前まで,土・日・祝日・夏・冬・春休み,8:30,14:00,8:50,14:00,なし,,,,,なし,,保育料（1号認定）,"給食 週5回
アレルギー対応：要相談
給食費 264円/食 3,600円/月
","【毎月】
PTA会費 教材費
600円程度
【その他】
体操服 クラス帽子 かばん 防災用品 保育用品 保険料 ","・自然環境に恵まれた園である。
・近くの施設には、小学校や公立の高校、老人施設があり、それぞれ交流を重ねている。また、気田幼稚園との交流も行っている。
・地域の教育力も高く、幼稚園ボランティアの方が園の活動を支えてくれている。","＜園目標＞　『元気な笑顔のいぬいっ子』
＜重点目標＞
・元気に遊ぶ子
・どきどきわくわくを楽しむ子
・友達大好きな子
を目指しています。","PTA役員
ボランティア活動",保護者による個別送迎,あり,"未就園児プレクラス（めだかの広場5～2月、月1回程度実施）
入園説明会（1月）
見学・参加出来る行事（運動会・発表会）",子どもたちが育てた野菜を収穫したり、泥んこや自然と触れ合ったりして元気な体づくりをしてくれます。毎日ニコニコ笑顔で帰ってきて、園での様子を話してくれる我が子を見ると本当にこの幼稚園に通わせて良かったと感じています。
221309,A122210001611,静岡県,浜松市,浜松市立気田幼稚園,ハママツシリツキダヨウチエン,4370605,天竜区,浜松市天竜区春野町気田624,,35.00429,137.906689,(053)989-0201,keta-k@city.hamamatsu-szo.ed.jp,浜松市,40,3歳児,就学前まで,土・日・祝日・夏・冬・春休み,8:30,14:00,8:45,14:00,なし,,,,,なし,,保育料（1号認定）,"給食 週5回
アレルギー対応：要相談
給食費 264円/食 3,600円/月
","【毎月】
PTA会費 教材費
300～1,300円程度
【その他】
園服 クラス帽子  かばん  防災用品  保育用品  保険料","・田んぼ遊び、川遊び、ろう梅や河津桜、自然に触れる園外保育実施
・老人施設訪問、気田地区祭典参加などの地域の人との触れ合い 
＊新型コロナウイルス感染症対策により、行事の中止、変更もあります。 ","・「生きる力」が育ち、一人一人が活かされる保育、地域や保護者に愛される幼稚園づくり、子育ての支援の充実を経営の努力点として掲げ、保育を進めている。
・ふるさとを愛する子、基本的な生活習慣が身に付いた子、あきらめずに挑戦する子を目指し保育を進めている。 ","PTA役員
ボランティア活動","通園バス（一部の地域）
保護者による個別送迎",あり,"未就園児プレクラス（7月頃から年6回）
入園説明会（1月頃）","集団送迎では、地域ごとに縦割りの班編成をするので、分からないことを教え合ったり、育児の相談をしたりして保護者同士がとても仲良くなります。
PTA活動も、夏祭りを作り上げたり、卒園アルバムをみんなで製作したり、一人一人に活躍の場があります。"
221309,A122210001693,静岡県,浜松市,浜松市立佐久間幼稚園,ハママツシリツサクマヨウチエン,4313905,天竜区,浜松市天竜区佐久間町半場47,,35.087535,137.80222,(053)965-0260,sakuma-k@city.hamamatsu-szo.ed.jp,浜松市,20,3歳児,就学前まで,土・日・祝日・夏・冬・春休み,8:30,17:30,8:45,14:00,あり,,17:30,降園～16:30まで150円　以後1時間ごとに100円,長期休業中9:30～17:30（実施除外期間あり）,なし,,保育料（1号認定）,"給食 週5回
アレルギー対応：要相談
給食費 275円/食 3,870円/月
","【毎月】
絵本代 PTA会費 教材費
5,000円～6,000円程度
【その他】
園服 体操服 クラス帽子  かばん  防災用品  保育用品  保険料  交流昼食代","・佐久間ダムから流れる天竜川沿いにあり、美しく豊かな自然や静かな空間と環境、ゆっくりと流れる時間が残されています。
・地域の人々の教育的関心は高く、地域ボランティアとして活動している方が多いです。
・山香・城西地区の園児は、通園バスを利用し登園しています。
・園舎は小学校に隣接し、小学校との連携が図られています。
・佐久間中学校区の浦川幼稚園との交流保育をしています。","＜元気いっぱい＞
好きな遊びや安心して遊べる場所を見つけ、一人一人が心も体も楽しめるようにしています。
＜友達大好き＞
少人数ですが、気の合う友達と誘い合って遊んでいます。異年齢児が共に遊んだり、活動したりする機会が多く、互いに良い刺激となっています。
＜大好き佐久間＞
自然豊かな佐久間です。四季折々の自然に触れ合えるよう、散歩に出掛けています。","PTA役員
ボランティア活動","通園バス（一部の地域）
保護者による個別送迎",近隣駐車場あり,"未就園児プレクラス（6月～2月、月1回実施）
入園説明会（1月）
園庭開放（毎日 午後2時～4時）","・広い運動場、園舎、遊びの時間を多くとってくれて伸び伸び遊べています。
・子どものよい面を積極的に見つけてくれるおかげで、失敗しながらも、意欲をもって挑戦するようになってきているなぁと感じ、家庭の中だけでは教えられない人とのかかわりや社会のルールなどを教えてくれています。"
221309,A122210001700,静岡県,浜松市,浜松市立浦川幼稚園,ハママツシリツウラカワヨウチエン,4313906,天竜区,浜松市天竜区佐久間町浦川2799,,35.052167,137.760946,(053)967-3803,urakawa-k@city.hamamatsu-szo.ed.jp,浜松市,20,3歳児,就学前まで,土・日・祝日・夏・冬・春休み,8:30,17:30,8:45,14:00,あり,,17:30,降園～16:30まで150円　以後1時間ごとに100円,長期休業中8:30～17:30（実施除外期間あり）,なし,,保育料（1号認定）,"給食 週5回
アレルギー対応：あり
給食費 264円/食 4,030円/月 
","【毎月】
絵本代 PTA会費 教材費
1,000円～1,300円程度
【その他】
園服 クラス帽子  かばん  防災用品  保育用品  保険料",小規模園であるため、町内や近隣の幼稚園との交流の場を大切にし、年齢に応じた経験をする中で、コミュニケーション能力が高まるようにしています。また、地域の幼稚園として地域のいろいろな人や自然、文化に触れ、心を揺さぶる感動体験を通して、ふるさとを大切に思う気持ちを育んでいます。,園目標「元気で仲良く遊ぶ子」を目指し、楽しい保育を実践しています。基本的生活習慣を身に付け、心身ともにたくましく自立した子を育てるために「幼児期に育てたい力」を基盤とし、発達段階に応じた子供の育ちを支え、定着のための見通しをもった編成をしています。また、いろいろな体験を通して、豊かな表現力を身に付け、言葉による伝え合いのできる子を育てています。,"PTA役員
ボランティア活動",保護者による個別送迎,あり,"未就園児プレクラス（年8回程度）
入園説明会（1月）",赤佐西幼稚園は、子どもにとってとても良い園だと思います。子どもの体の成長や心の成長をよく見つめて下さり、“今”大切なことを“今”思い切り体験させていただける、この園が大好きです。子どもが伸び伸びと、自分らしさを発揮できる子に成長できたのも、赤佐西幼稚園に通わせていただいたおかげだと感謝しています。赤佐西幼稚園を選択させていただき、本当によかったです。
221309,A122210001719,静岡県,浜松市,浜松市立可美幼稚園,ハママツイチリツカミヨウチエン,4328062,南区,浜松市南区増楽町1199,,34.689376,137.694246,(053)447-0321,kami-k@city.hamamatsu-szo.ed.jp,浜松市,170,3歳児,就学前まで,土・日・祝日・夏・冬・春休み,7:30,18:30,8:30,14:30,あり,7:30,18:30,7:30～開園　100円　降園～14:30　150円、以後1時間ごと100円16:30　20園　以後1時間ごと100円,長期休業中7:30～18:30（実施除外期間あり）,なし,,保育料（1号認定）,"給食（外注昼食） 週3回 / 持参弁当 週2回
アレルギー対応：あり
給食費 280円/食・338円/食  約3,850円/月
","【毎月】
絵本代 教材費 おやつ代 PTA会費 アルバム代（年長）
1,500円～2,500円程度
【その他】
園服 クラス帽子  かばん  防災用品  保育用品  保険料","四季折々の遊びを伸び伸びと楽しめる広い園庭と、大きなプールがあります。直接体験や人とのかかわりを大切にしています。
地域を大切にし、地域の施設を訪ねたり、地域の人とかかわって色々なことを教わったりします。
子ども一人一人のニーズに合わせた発達支援の部屋で、個別の対応を必要とする園児に対して少人数での支援を行います。",あたたかさと魅力にあふれた幼稚園づくりを目指し、「自分らしく　かがやく子」を育てます。,"PTA役員
ボランティア活動
サークル活動","集団徒歩通園
保護者による個別送迎",なし,"入園説明会（5月）
一日入園（11・12・2月頃）
園庭開放
見学・参加出来る行事（運動会） ","・保護者と職員の連携がよく、相互の距離が近く感じる。
・子供たちが伸び伸びと生活できるように、環境改善に積極的に取り組んでくれている。"
221309,A122210001728,静岡県,浜松市,浜松市立舞阪幼稚園,ハママツイチリツマイサカヨウチエン,4310211,西区,浜松市西区舞阪町舞阪2668-33,,34.679996,137.610363,(053)592-7600,maisaka-k@city.hamamatsu-szo.ed.jp,浜松市,80,3歳児,就学前まで,土・日・祝日・夏・冬・春休み,8:30,17:30,8:30,14:00,あり,8:30,17:30,降園～16:30　150円16:3～17:30　100円,長期休業中8:30～17:30　夏季15日、冬季5日,なし,,保育料（1号認定）,"給食 週5回
アレルギー対応：あり（卵のみ）
給食費 275円/食 4,050円/月 
","【毎月】
絵本代 PTA会費 教材費 保育活動費
5,000円～6,000円程度
【その他】
園服 クラス帽子  かばん  防災用品  保育用品  保険料",・地域のよさを知るために、園外保育に出掛けています。（漁港、海浜公園、しらす工場・海苔工場・カキむき見学）,"・『楽しく遊ぶ子』を園目標に掲げています。好きな遊びに夢中になって取り組んだり、仲間と一緒に、試したり工夫したりして遊ぶ楽しさを味わったりします。
・全園児での活動の他、遊びや生活の中で、学年を問わず交流する機会を多く設け、異年齢のつながりを大切にしています。","PTA役員
ボランティア活動",保護者による個別送迎,あり,"未就園児プレクラス（ほほえみ学級6月から年6回程度）
入園説明会（1月）
体験入園（入園説明会後、数回程度実施する場合あり）
見学・参加できる行事（運動会）",自然に囲まれた園舎で、子供たちは毎日伸び伸びと生活をしている温かな雰囲気の幼稚園です。地域の方たちと触れ合う機会も多いです。
221309,A122210001782,静岡県,浜松市,浜松市立雄踏幼稚園,ハママツイチリツユウトウヨウチエン,4310102,西区,浜松市西区雄踏町宇布見7406,,34.706891,137.631316,(053)592-3000,yuto-k@city.hamamatsu-szo.ed.jp,浜松市,260,3歳児,就学前まで,土・日・祝日・夏・冬・春休み,8:10,17:30,8:40,14:00,あり,8:10,17:30,降園から16:30　150円、以後1時間ごと100円,長期休業中8:10～17:30（実施除外期間あり）,なし,,保育料（1号認定）,"給食 週5回
アレルギー対応：あり
給食費 275円/食  約4,000円/月
","【毎月】
絵本代 PTA会費 教材費 保育活動費
0～1,000円程度
【その他】
園服 クラス帽子  かばん  防災用品  保育用品  保険料  アルバム代（年長のみ）",浜松市の市立幼稚園では、一番大きな規模の幼稚園です。広い園庭には、たくさんの大きな木があり四季折々の自然を感じることができます。大勢の子どもたちが思い思いに、自分のよさを発揮しながら友達とかかわる楽しさを感じたり、たくさんの自然と触れ合ったりして遊んでいます。,"「遊びを楽しみ、遊びをつくり出す子」
元気な子・やさしい子・感動する子・自分を表す子をめざして、子どものよさをたくさんみつけ、花まるいっぱいを大切にしています。","PTA役員
ボランティア活動",保護者による個別送迎,あり,"未就園児プレクラス(ひよこの会、5月より年9回実施　第1回は5/21(金))
見学・参加出来る行事(運動会)、見学は随時可","広々とした園庭で、子どもたちがのびのびと元気に遊んでいます。
また、地域の方との交流もあり、畑をお借りして野菜を育てる「収穫体験」は、子どもたちが楽しみにしている活動の一つです。"
221309,A122210001791,静岡県,浜松市,浜松市立西気賀幼稚園,ハママツイチリツニシキガヨウチエン,4311305,北区,浜松市北区細江町気賀10052-4,,34.803178,137.62327,(053)523-1149,nishikiga-k@city.hamamatsu-szo.ed.jp,浜松市,20,3歳児,就学前まで,土・日・祝日・夏・冬・春休み,8:30,14:00,8:30,14:00,なし,,,,,なし,,保育料（1号認定）,"給食 週4回 / 持参弁当 週1回 
アレルギー対応：あり
給食費 281円/食 3,270円/月
","【毎月】
絵本代 PTA会費 教材費 
1,000円～2,000円程度
【その他】
園服 クラス帽子  かばん  防災用品  保育用品  保険料","・細江町の西側に位置し、浜名湖に近く、目の前を天浜線、裏山には姫街道が通り、自然環境に恵まれている。
・地域の人々は教育に対する関心が強く、「西気賀の子どもを育てる会」という教育活動を支援する組織がある。
・少子化により、園児数が減少しているが、地域の人々の温かさに支えられた温もりのある幼稚園である。　　　　　　　　　　　　　　　　　　　　　　　　　　　　　　　","・地域と園児の実態に即した温かさのある園経営に努める。
・一人一人の子供のよさや力を確かに育てる。（基本的生活習慣の確立、チャレンジ意欲、人とかかわる力）
・保護者や地域に信頼された保護者支援、園づくりに努める。","PTA役員
ボランティア活動",保護者による個別送迎,あり,"未就園児プレクラス（おひさま広場他 年1・2回程度実施・子育てサークルとの交流会）
入園説明会（1月に実施予定）
見学、参加できる行事（運動会他）",宮口幼稚園は、周辺の自然や地域とのつながりに恵まれ、園外に出掛ける機会が充実しています。たけのこ掘り・みかん狩りなど、様々な直接体験を通して人や物との関わりを深め、感動を味わうことができます。普段の生活でも、砂・土・泥などの可塑性に富んだ素材に触れたり、異年齢交流を通して縦のつながりを育んだりしながら一人一人の心身の成長を促します。
221309,A122210001808,静岡県,浜松市,浜松市立伊目幼稚園,ハママツイチリツイメヨウチエン,4311305,北区,浜松市北区細江町気賀3207-1,,34.78737,137.642768,(053)523-1197,ime-k@city.hamamatsu-szo.ed.jp,浜松市,50,3歳児,就学前まで,土・日・祝日・夏・冬・春休み,8:30,14:00,8:20,14:00,なし,,,,,なし,,保育料（1号認定）,"給食 週4回 / 持参弁当 週1回
アレルギー対応：あり
給食費 281円/食
","【毎月】
PTA会費 教材費 
1,200円程度
【その他】
園服 体操服 クラス帽子  かばん  防災用品  保育用品  保険料","園舎前には浜名湖が広がり、園舎裏山には白山神社があり四季折々の変化を肌で感じられる豊かな自然環境に恵まれており、遊びの楽しさを五感を通して経験している。
保護者、地域とも大変協力的であり「三世代交流事業」は、伝統的な活動である。
隣接している小学校との連携を図り、様々な交流活動を行っている。",教育目標を「心豊かでたくましい子」とし、「たっぷり　じっくり　おもいっきり体験」による教育活動の充実を図ることにより、心も体も頭も元気なバランスのとれた子どもの育成を目指している。,"PTA役員
ボランティア活動",保護者による個別送迎,あり,"未就園児プレクラス（なかよしランド 年7回程度実施、1日入園1月中旬）
見学・参加出来る行事（運動会・クリスマス会・見学随時）",集団の中でみんなと一緒にすることを身に付けてきて、社会性が養われていると感じています。環境のよい園で、のびのびとした教育をこれからも続けてほしいと思います。
221309,A122210001817,静岡県,浜松市,浜松市立中川幼稚園,ハママツシリツナカガワヨウチエン,4311304,北区,浜松市北区細江町中川2418-2,,34.80914,137.678454,(053)523-1364,nakagawa-k@city.hamamatsu-szo.ed.jp,浜松市,80,3歳児,就学前まで,土・日・祝日・夏・冬・春休み,7:30,18:30,8:30,14:00,あり,7:30,18:30,7:30～開園　100円降園～16:30まで150円　以後1時間ごと100円,長期休業中7:30～18:30（実施除外期間あり）,なし,,保育料（1号認定）,"給食 週4回 / 持参弁当 週1回
アレルギー対応：要相談
給食費 281円/食 3,500円/月
","【毎月】
絵本代 PTA会費 教材費 
1,000円～2,000円程度
【その他】
園服 クラス帽子  かばん  防災用品  保育用品  保険料  遠足代","(1)ＰＴＡのクラブ活動と共催しながら子どもの主体性と感性を磨く保育をしています。隣接小学校との交流も密にしています。
(2)一人一人のニーズに応じた支援をする「発達支援の部屋（たんぽぽの部屋）」を開設しています。育ちに応じた計画的な支援、少人数活動により人とかかわる力や生活力を高めます。子育て相談にも随時応じます。","【園目標】
「たんぽぽのように明るくたくましく思いやりのある子」
元気・友達・遊び大好きを重点とし、たっぷりと自然と触れ合い、感動体験をため込み思考力を育んでいます。また、豊かな生活体験から自分のことを自分でする力を、友達との遊びからコミュニケーション力や豊かな感性を育てます。","PTA役員
ボランティア活動
サークル活動",保護者による個別送迎,あり,"未就園児プレクラス（たんぽぽっこの会、年6回実施）
入園説明会（12月）
一日入園（1月）
園庭開放（保育後随時、たんぽぽっこの会開催時）
見学・参加出来る行事（運動会・見学随時）","地域ならではの場所へ園外保育に行く機会が多く、いろいろなことを経験できます。
お母さん同士が、仲の良い園です。仕事をされている方、未就園のお子さんがいらっしゃる方もいるので、PTA活動は助け合いながら、できることをできる人が無理のない範囲で行っています。"
221309,A122210001826,静岡県,浜松市,浜松市立中央幼稚園,ハママツシリツチュウオウヨウチエン,4311305,北区,浜松市北区細江町気賀304,,34.805901,137.651118,(053)523-0135,chuo-k@city.hamamatsu-szo.ed.jp,浜松市,60,3歳児,就学前まで,土・日・祝日・夏・冬・春休み,8:50,14:30,8:50,14:30,なし,,,,,なし,,保育料（1号認定）,"給食 週4回 / 持参弁当 週1回
アレルギー対応：あり
給食費 281円/食 3,500円/月
","【毎月】
絵本代 PTA会費 教材費 
1,000円～2,000円程度
【その他】
園服 クラス帽子  かばん  防災用品  保育用品  保険料",自分の好きな遊びや友達との遊びを十分に楽しめるような保育をし、自分らしさを発揮し、人を思いやる気持ちのもてる子を育てています。異年齢交流の育ち合いや人との交流、自然体験・社会体験の充実、花いっぱい絵本いっぱいで心豊かに育つ環境の充実、PTA活動や子育て支援活動の充実を図り、子どもたちの心を豊かにしています。,教育目標を「おもいやりのある子」とし、自分らしさを発揮し、人を思いやる気持ちのもてる子を重点目標においています。五感による直接体験を通して「かかわり」の充実を図る中で「生きる力と思いやりの心」をはぐくむことを目標とし「元気もりもり（からだ）」「心きらきら（こころ）」「遊びわくわく（あたま）」の3本柱で、共に育ちあう生活づくりをしています。,"PTA役員
ボランティア活動",保護者による個別送迎,PTA借用駐車場あり,"未就園児プレクラス（月1回程度実施、1日入園12・1月）
入園説明会（9月）
見学・参加出来る行事（運動会・見学随時）",
221309,A122210001835,静岡県,浜松市,浜松市立高台幼稚園,ハママツイチリツタカダイヨウチエン,4311304,北区,浜松市北区細江町中川7172-701,,34.794128,137.685312,(053)523-0879,takadai-k@city.hamamatsu-szo.ed.jp,浜松市,40,3歳児,就学前まで,土・日・祝日・夏・冬・春休み,8:50,14:30,8:50,14:30,なし,,,,,なし,,保育料（1号認定）,"給食 週4回 / 持参弁当 週1回
アレルギー対応：要相談
給食費 281円/食 3,500円/月
","【毎月】
絵本代 PTA会費 教材費 
1,000円～2,000円程度
【その他】
園服 クラス帽子  かばん  保育用品  保険料","☆園生活の主人公は貴方のお子様です。
☆子供が子供らしく生活できる教育環境が揃っています。
　◎公園の遊具かと思うほどの立派な総合遊具
　◎豊富な運動遊具
　◎大きなプール
　◎図書館に負けない絵本が揃う絵本の部屋
　◎四季が感じられる園庭。泥んこ山。うさぎ。
☆保護者の子育ての不安や悩みにも寄り添えるようにしています。また、便りやブログ等でタイムリーに子供の姿を紹介し園教育を見える化しています。 ","「未来創造への人づくり」を子供の育ちの視点から考え、全職員が一丸となって一人一人の子供の成長をサポートします。
◎生活に必要な自分のことが自分でできるようにします。
◎好奇心や探求心をもち、積極的にものごとに関われるようにします。
◎友達やものや自然とのかかわりを喜び、大事にする心を育みます。
◎ものごとをよく考え、自分で決められるようにします。
◎考えたことをはっきりと話し、相手の話もしっかり聞けるようにします。
◎試したり、創意工夫したりして表現を面白がり楽しめるようにします。
＊少人数のため、園児全員が着実に育ちの階段を自分の力で登ります。 ",PTA役員,保護者による個別送迎,あり,"未就園児プレクラス（ひまわりっ子の会　5月～3月 月1回程度）
入園説明会（5・6月）
体験入園（12・1月）
見学・参加出来る行事（運動会、入園説明・見学随時）",山々に囲まれておおらかに育った園児たち。顔を見ると、笑顔で気さくに話しかけてくれます。人なつっこいかわいい子供たち。このまま、のびやかに自由に育ってくれるといいな…そんな風に思わせてくれる幼稚園です。
221309,A122210001844,静岡県,浜松市,浜松市立引佐幼稚園,ハママツイチリツイナサヨウチエン,4312216,北区,浜松市北区神宮寺町8-48,,34.831408,137.671158,(053)542-1933,inasa-k@city.hamamatsu-szo.ed.jp,浜松市,120,3歳児,就学前まで,土・日・祝日・夏・冬・春休み,7:30,18:30,8:30,14:00,あり,7:30,18:30,7:30～開園　100円　降園～16:30まで150円　以後1時間ごと100円,長期休業中7:30～18:30（実施除外期間あり）,なし,,保育料（1号認定）,"給食 週5回
アレルギー対応：要相談
給食費 264円/食 4,030円/月 
","【年間】
教材費 PTA会費
【その他】
園服 クラス帽子 かばん 保育用品 保険料",本園は農山村地域で自然に恵まれ地域との連携により、田植え・稲刈り、みかん狩り等、多様な活動体験ができる。近くには市立井伊谷小学校、市立引佐南部中学校もあり連携が取りやすい環境にある。また、井伊谷宮・龍譚寺・城山・図書館など園外保育も充実でき、大きな園舎で園庭は広く、遊びの中で学ぶことができる幼稚園である。,"徒歩通園を基本としている。
登園は個別登園で、降園は保護者当番制による地区別グループ降園である。集団で歩くことで交通ルールのマナーを身につけられるような指導を幼児交通安全クラブ役員を中心に行っている。","PTA役員
ボランティア活動","集団徒歩通園
保護者による個別送迎",あり,"未就園児プレクラス（おひさま広場 年数回 6月頃～）
入園説明会（12月頃）
園庭開放（年数回、水曜日）
見学・参加出来る行事（運動会）",光明幼稚園は、豊かな自然環境に囲まれ、地域と共に歩む、環境に恵まれた幼稚園です。お父さん・お母さん先生を通じて行事にかかわることで、幼稚園を身近に感じ、保護者同士の親睦を深めることができました。今後も地域の一員として、かかわっていきたいです。
221309,A122210001853,静岡県,浜松市,浜松市立奥山幼稚園,ハママツシリツオクヤマヨウチエン,4312224,北区,浜松市北区引佐町奥山1110-1,,34.845874,137.629795,(053)543-0158,okuyama-k@city.hamamatsu-szo.ed.jp,浜松市,40,3歳児,就学前まで,土・日・祝日・夏・冬・春休み,7:30,18:30,8:30,14:00,あり,7:30,18:30,7:30～開園　100円　降園～16:30まで150円　以後1時間ごと100円,長期休業中7:30～18:30（実施除外期間あり）,なし,,保育料（1号認定）,"給食 週5回
アレルギー対応：要相談
給食費 4,030円/月（調整月あり）
","【毎月】
PTA会費 教材費 
0～1,000円程度
【入園時】
園服 クラス帽子 かばん 防災用品 保育用品等
16,000円程度
【その他】
進級時保育用品　保険料　4,000円程度　
",園周辺には竜ヶ岩洞や方広寺など地域財産が豊富にあります。自分が生まれ育った「ふるさと奥山」により親しみを感じられる経験を日々の保育の中に取りいれています。,"・少人数のよさを生かした教育
・地域とのふれ合いを大切にした活動
・幼小連携の重視","PTA役員
ボランティア活動
サークル活動",保護者による個別送迎,"あり
PTA借用駐車場あり","未就園児プレクラス（ひよこ教室 1～2か月に1回）
入園説明会（6,7月頃）
一日入園（3回）
園庭開放（1～2か月に1回）
見学・参加出来る行事（運動会） ","近くに阿多古川が流れ、自然に恵まれた地域にある幼稚園です。また、小学校と隣接しているため、小学生と自然な交流ができ、休み時間など一緒に遊ぶこともあります。
少人数なので、一人一人の子どもたちに目が行き届いている幼稚園です。"
221309,A122210001862,静岡県,浜松市,浜松市立伊平幼稚園,ハママツシリツイヒラヨウチエン,4312205,北区,浜松市北区引佐町伊平778-1,,34.864961,137.661167,(053)544-0718,idaira-k@city.hamamatsu-szo.ed.jp,浜松市,20,3歳児,就学前まで,土・日・祝日・夏・冬・春休み,7:30,18:30,8:30,14:00,あり,7:30,18:30,7:30～開園　100円　降園～16:30　150円　以後1時間ごと100円,長期休業中7:30～18:30（実施除外期間あり）,なし,,保育料（1号認定）,"給食 週5回
アレルギー対応：あり
給食費 264円/食 4,030円/月 
","【毎月】
PTA会費 教材費 
～1,000円程度
【入園時】
体操服 保育用品
20,000円程度
【その他】
園服 クラス帽子  かばん  保育用品  保険料","地域のみなさんや保護者も協力的で、多くの方に温かく支えられている　自然豊かな地域にある幼稚園です。
みて・ふれて・感じて　ふるさと(伊平・川名）の魅力大発見!を合言葉に、地域環境を生かした体験活動、地域のみなさんとのふれあいを楽しんでいます。",預かり保育など　働いているお母さん、子育て真っ最中のお母さんはもちろん、御家族みなさんの支援に努めています。,"PTA役員
ボランティア活動","通園バス（一部の地域）
保護者による個別送迎",あり,"未就園児プレクラス（ひよこ学級 6～2月、月1回実施）
入園説明会（1月頃）
園庭開放（午前9時30分～11時）
見学・参加出来る行事（運動会・発表会）","・園児同士、保護者同士とても仲が良く、保護者と教師が連携し合って保育を進めています。
・自然に恵まれ、身近な自然に触れる活動を多く取り入れています。　
・地域の方の力を借りて活動をする機会が多くあり、様々な人とのかかわりで、優しさやいたわりの気持ちなどを育んでいます。"
221309,A122210001871,静岡県,浜松市,浜松市立引佐北部みさと幼稚園,ハママツイチリツイナサホクブミサトヨウチエン,4312536,北区,浜松市北区引佐町田沢432-1,,34.89778,137.656321,(053)544-0739,misato-k@city.hamamatsu-szo.ed.jp,浜松市,30,3歳児,就学前まで,土・日・祝日・夏・冬・春休み,7:30,18:30,8:50,14:00,あり,7:30,18:30,7:30～開園　100円　降園～16:30　150円　以後1時間ごと100円,長期休業中7:30～18:30（実施除外期間あり）,なし,,保育料（1号認定）,"給食 週5回
アレルギー対応：要相談
給食費 264円/食 4,030円/月　調整月あり
","【毎月】
PTA会費 教材費
800円程度
【入園時】
園服 体操服 クラス帽子 ヘルメット かばん 保育用品　
15,000円程度
【その他】
行事費 進級時保育用品
6,000円程度","・小規模園の良さを生かし、一人一人を大切にした保育、仲間の良さを認め合える保育をすることで優しくおもいやりのある子を育てます。
・伝統ある和太鼓の演奏で、幼稚園から地域に元気を発信しています。
・絵本の読み聞かせを通し、素直に感動する子を育てます。
・渋川つつじ、モリアオガエル、久留女木の棚田に住む生物等、恵まれた自然環境を生かした感動体験いっぱいの保育をします。
・地域すべてを保育の場と捉え、地域の文化、自然、人材を取り入れた保育をします。
・隣接する小中一貫校との連携を大切にし、園児、児童、生徒・職員同士の交流を深めながら地域に根ざした幼稚園を目指しています。","・心も体も元気な子供・豊かに表現する子供・仲良く遊ぶ子供の育成に努め、心の豊かな子供を目指す。
・学年の発達に合わせ、3歳児は教師と一緒に過ごすことを楽しみ、ありのままの自分を出して遊ぶ。４歳児は気の合う友達と思いを伝え合いながら遊ぶ。５歳児は自分の目標や共通の目的に向かって、意欲的に取り組み、満足感や充実感を味わえるようにしていく。そのために教師は幼児理解に努め、家庭との連携を密にし、地域とのつながりを大切にしていく。
・保護者や地域から信頼される幼稚園、必要とされる幼稚園を目指し、幼児期の教育の重要性を発信していく。","PTA役員
ボランティア活動","通園バス（一部の地域）
保護者による個別送迎","あり
近隣駐車場あり","未就園児プレクラス（ひよこ学級、年10回実施）
入園説明会（1月中旬）
見学・参加出来る行事（運動会、発表会、一日入園）",自然あふれる環境の中で、子どもたちは伸び伸び楽しく生活しています。小規模園のため、子どもたちも兄弟のように仲が良いです。小学校の施設の中にあるので、小学生や小学校の先生方と一緒に生活しているのが、子どもにとってプラスになっています。
221309,A122210001880,静岡県,浜松市,浜松市立金指幼稚園,ハママツシリツカネサシヨウチエン,4312213,北区,浜松市北区引佐町金指862-3,,34.822922,137.683015,(053)542-2115,kanasashi-k@city.hamamatsu-szo.ed.jp,浜松市,20,3歳児,就学前まで,土・日・祝日・夏・冬・春休み,7:30,18:30,8:30,14:00,あり,7:30,18:30,7:30～開園　100円降園～16:30まで150円　以後1時間ごと100円,長期休業中7:30～18:30（実施除外期間あり）,なし,,保育料（1号認定）,"給食 週5回
アレルギー対応：あり
給食費 264円/食 4,030円/月 
","【毎月】
絵本代 PTA会費 教材費 
1,000円～2,000円程度
【その他】
園服 体操服 クラス帽子 かばん 防災用品 保育用品 保険料 
","小高い山の上にあり、四季折々の豊かな自然に恵まれた幼稚園です。身近な動植物に親しみ、大きなプールで泳ぎ、広い園庭で思い切り鬼ごっこをして遊ぶなど、一年を通して元気に楽しく遊びます。子供たちはじっくりと遊ぶ中で、挑戦したり、考えたり、友達と協力したりしながら、生きる力、意欲、自信、感動する心を育んでいきます。
市立金指小学校と連携し、幼小のつながりを大切にしています。また、園外保育では収穫体験や、モリアオガエルの話を聞くことができ、地域の方々に温かく支えられています。","「豊かな心とたくましい子供の育成」を園目標とし、少人数保育の良さを生かした保育を行っています。個々を大切にし、一人一人の興味、発達をとらえていくことで、自己肯定感を育み、どの子も意欲的で、自信につながる保育を目指します。夢中で遊び、心が動く体験を多く積み重ねていきます。また、他園や地域との交流を深め、大勢の中で思いを伝えたり、協力したりする機会を大切にしていきます。
","PTA役員
ボランティア活動
サークル活動",保護者による個別送迎,あり,"未就園児プレクラス（ちびっこランド、5月より年10回実施）
入園説明会（1月頃）
園庭開放（月2回不定期 午前9時30分～11時）
見学・参加出来る行事（運動会・ハロウィン）
※随時見学説明可（要事前連絡） ","・行事のたびに成長してくれる姿がわかります。
・あいさつ等、言えるようになってきました。
・自分でできることは、進んで自分でやるようになりました。
・日々、ブログが更新され、園での様子がわかります。"
221309,A122210001899,静岡県,浜松市,浜松市立尾奈幼稚園,ハママツイチリツオナヨウチエン,4311424,北区,浜松市北区三ヶ日町下尾奈1461-1,,34.784841,137.538073,(053)524-0011,ona-k@city.hamamatsu-szo.ed.jp,浜松市,50,3歳児,就学前まで,土・日・祝日・夏・冬・春休み,8:40,16:30,9:00,14:00,あり,,16:30,降園～16:30まで150円,,なし,,保育料（1号認定）,"給食 週5回
アレルギー対応：要相談
給食費 281円/食
","【毎月】
PTA会費 おやつ代
～1,000円程度
【その他】
園服 クラス帽子  かばん  防災用品  保育用品  保険料  遠足代 写真代","・園舎は高台に位置し、みかん畑や山々、湖が見渡せる自然豊かな環境の中にあります。
・友達と一緒にたっぷり、ゆっくり、思い切り遊ぶ時間を大切にしています。
・異年齢児や小学生・未就園児・地域の高齢者・他の幼稚園児と交流し、人とかかわる機会を多く取り入れています。また、園や地域（ふるさと）の自然にふれ、豊かな体験ができるようにしています。","経営目標「一人一人のよさや個性を大切にした温かみのある幼稚園」のもと、「笑顔、やる気、やさしさいっぱい尾奈の子」を教育目標として保育に取り組んでいます。
生活、遊び、活動、行事など、子供が主体的にかかわり、やりたいこと（思い）が実現できるよう援助していきます。 ","PTA役員
ボランティア活動",保護者による個別送迎,あり,"未就園児プレクラス（なかよし会　6月頃から、年7回実施）
入園説明会（1月頃）
園庭開放（6月より毎週木曜日 午前）
見学・参加出来る行事（運動会） ",自然に囲まれ、地域探索や園外散歩が楽しめ、地域に密着した園です。夏には川遊びもできます。一人一人に丁寧に関わり、子供の笑顔を大切にしています。
221309,A122210001906,静岡県,浜松市,浜松市立大崎幼稚園,ハママツシリツオオサキヨウチエン,4311403,北区,浜松市北区三ヶ日町大崎1665-20,,34.772388,137.563498,(053)526-0517,osaki-k@city.hamamatsu-szo.ed.jp,浜松市,40,3歳児,就学前まで,土・日・祝日・夏・冬・春休み,8:40,16:30,9:00,14:00,あり,,16:30,降園～16:30まで150円,,なし,,保育料（1号認定）,"給食 週5回
アレルギー対応：要相談
給食費 281円/食
","【毎月】
PTA会費 おやつ代
～1,000円程度
【その他】
園服 クラス帽子  かばん  防災用品  保育用品  保険料  遠足代 写真代","・浜名湖に囲まれた地域で、自然に恵まれている。夏は大崎海岸に出掛けたり、秋や冬は裏のお宮やたんぼで自然に十分触れて遊ぶことができる。また、自治会のご厚意で体育館やグラウンドも自由に使わせてもらっている。
・地域の人は温かく協力的である。
・園児は明るく元気がある。保護者も協力的である。","・やさしさ、かしこさ、たくましさを兼ね備えたすこやかな子どもの育成を目指し、一人一人を大切にした保育を進める。
・園児の遊びを大切にし、毎日の生活を通し「幼児期に育てたい姿」が身につくようにする。
・園内外の自然に十分に触れ感性豊かな子を育てる。","PTA役員
ボランティア活動",保護者による個別送迎,あり,"未就園児プレクラス（なかよし会 6月より7回程度実施）
入園説明会（1月頃）
園庭開放（5月より毎週木曜日 午前）
見学・参加出来る行事（運動会）",自然豊かな環境の中で、子どもたちは、兄弟姉妹のように仲よく、のびのびと幼稚園生活を送れています。
221309,A122210001915,静岡県,浜松市,浜松市立平山幼稚園,ハママツシリツヒラヤマヨウチエン,4311417,北区,浜松市北区三ヶ日町平山223-1,,34.825452,137.536941,(053)524-0608,hirayama-k@city.hamamatsu-szo.ed.jp,浜松市,30,3歳児,就学前まで,土・日・祝日・夏・冬・春休み,8:40,16:30,9:00,14:00,あり,,16:30,降園～16:30まで150円,,なし,,保育料（1号認定）,"給食 週5回
アレルギー対応：要相談
給食費 281円/食
","【毎月】
PTA会費 おやつ代
～1,000円程度
【その他】
園服 クラス帽子  かばん  防災用品  保育用品  保険料
",隣接する小学校、町内公立幼稚園、未就園児との交流や、地域の福祉施設や公共施設との交流など幅広い交流活動を通し、人とのかかわりの大切さ、生きていくうえの知恵を学んでいます。,園や地域の特色を生かし、幼児の可能性と生きる力を育む保育の充実に努め、保護者・地域から信頼される園づくりを進めます。,"PTA役員
ボランティア活動",保護者による個別送迎,なし,"未就園児プレクラス（なかよし会 6月頃から年7回）
入園説明会（1月下旬）
園庭開放（5月より毎週木曜日午前）
見学・参加出来る行事（運動会）",小学校と隣接しているため、園児と小学生との触れ合いを多くもつことができ、小学校就学がスムーズにできる。